id,publicar,nome,sigla,tipo_unidade,instituicao,sigla_instituicao,natureza_instituicao,unidade_vinculacao,area_principal,areas_secundarias,responsavel_nome,responsavel_cargo,email_contato,telefone_contato,url,endereco,cidade,uf,latitude,longitude,precisao_geo,temas_correlatos_cgina,descricao,grau_verificacao,data_verificacao,observacoes,fontes
enap-cgdados,sim,Coordenação-Geral de Ciência de Dados,CGDados,diretoria,Escola Nacional de Administração Pública,Enap,instituição pública de pesquisa não universitária,,ciencia_de_dados,politicas_publicas,Tamille Sales Dias,Coordenadora-Geral de Ciência de Dados,,(61) 2020-3000,https://www.enap.gov.br/pt/a-escola/quem-somos/quem-e-quem,"SPO Área Especial 2-A, Asa Sul, CEP 70610-900",Brasília,DF,-15.8339,-47.9256,campus,"A CGDados estrutura, programa e dissemina dados e evidências científicas de interesse da administração pública federal. É referência direta para a organização das atribuições de ciência de dados da CCID.","Unidade da Enap responsável por gerir e executar atividades de estruturação, programação e disseminação de dados e evidências científicas de interesse da administração pública. Apoia decisões de gestão, políticas públicas e regulação. Atua com equipes de servidores selecionados por chamamento interno.",parcial,2026-09-17,"A página 'Quem é quem' da Enap redireciona e não abriu diretamente; nome do coordenador confirmado por resultado de busca sobre a mesma página oficial. Endereço e telefone confirmados na página oficial Fale Conosco. A Enap não publica e-mail da coordenação, apenas o canal Minha Enap.",https://www.enap.gov.br/pt/a-escola/quem-somos/quem-e-quem; https://enap.gov.br/en/vagas/enap-seleciona-servidores-para-atuacao-na-coordenacao-geral-de-ciencia-de-dados; http://www.enap.gov.br/fale-conosco; https://www.enap.gov.br/docs/196/organograma_Enap_2025_1.pdf
inep-deed,sim,Diretoria de Estatísticas Educacionais,Deed,diretoria,Instituto Nacional de Estudos e Pesquisas Educacionais Anísio Teixeira,Inep,instituição pública de pesquisa não universitária,,ciencia_de_dados,politicas_publicas,Fábio Pereira Bravin,Diretor de Estatísticas Educacionais,gabinete.deed@inep.gov.br,(61) 2022-3105,https://www.gov.br/inep/pt-br/composicao/diretoria-de-estatisticas-educacionais,"Setor de Indústrias Gráficas, Quadra 4, Lote 327, Edifício Villa Lobos, CEP 70610-908",Brasília,DF,-15.7995,-47.906,endereco,"A Deed executa o Censo da Educação Superior, fonte primária de dados sobre instituições, cursos e docentes, e mantém rotinas de controle de qualidade e tratamento da informação. Esses procedimentos e microdados interessam à produção de indicadores da pós-graduação pela CGINA.","Diretoria do Inep responsável pela produção das estatísticas oficiais da educação brasileira. Executa o Censo Escolar da Educação Básica e o Censo da Educação Superior e publica notas estatísticas, sinopses e microdados. Mantém coordenação-geral dedicada ao controle de qualidade e ao tratamento da informação.",verificado,2026-09-17,"Coordenações-gerais: Censo Escolar da Educação Básica (censo.escolar@inep.gov.br), Censo da Educação Superior (censosuperior@inep.gov.br) e Controle de Qualidade e Tratamento da Informação (cgcqti.deed@inep.gov.br).",https://www.gov.br/inep/pt-br/composicao/diretoria-de-estatisticas-educacionais/autoridades; https://www.gov.br/inep/pt-br/composicao/diretoria-de-estatisticas-educacionais; https://www.gov.br/inep/pt-br/canais-de-atendimento/fale-conosco
mcti-ibict,sim,Instituto Brasileiro de Informação em Ciência e Tecnologia,Ibict,instituto,"Ministério da Ciência, Tecnologia e Inovação",MCTI,instituição pública de pesquisa não universitária,,ciencia_de_dados,divulgacao_cientifica; politicas_publicas,Tiago Emmanuel Braga,Diretor,tiagobraga@ibict.br,(61) 3217-6308,https://www.gov.br/ibict/pt-br,"SAUS Quadra 5, Lote 6, Bloco H, CEP 70070-912",Brasília,DF,-15.8003,-47.8842,endereco,"O Ibict organiza, preserva e dissemina informação científica e tecnológica brasileira, e opera padrões de catalogação, repositórios e ciência aberta. É a referência nacional mais direta para a gestão e catalogação de dados institucionais da CGINA.","Unidade de pesquisa do MCTI dedicada à produção, organização, preservação, disseminação e uso da informação científica e tecnológica no Brasil. Desenvolve soluções e políticas públicas de ciência aberta, gestão da informação e acesso ao conhecimento. Opera serviços como a Biblioteca Digital Brasileira de Teses e Dissertações, o Oasisbr e a Rede Cariniana de preservação digital.",verificado,2026-09-17,"Coordenações relevantes: Washington Luís Ribeiro de Carvalho Segundo (Coordenação-Geral de Informação Científica e Técnica, washingtonsegundo@ibict.br) e Ricardo Medeiros Pimenta (Coordenação de Ensino e Pesquisa, ricardopimenta@ibict.br, unidade no Rio de Janeiro, Rua Lauro Müller, 455, Botafogo).",https://www.gov.br/ibict/pt-br/acesso-a-informacao/institucional/quem-e-quem-1; https://www.gov.br/ibict/pt-br/acesso-a-informacao/institucional/horario-de-atendimento; https://www.gov.br/ibict/pt-br/canais_atendimento/contact-info; https://www.gov.br/ibict/pt-br
unb-lamfo,sim,Laboratório de Aprendizado de Máquina em Finanças e Organizações,LAMFO,laboratório,Universidade de Brasília,UnB,universidade federal,"Faculdade de Economia, Administração, Contabilidade e Gestão de Políticas Públicas (FACE)",ciencia_de_dados,politicas_publicas; divulgacao_cientifica,Pedro Henrique Melo Albuquerque,Coordenador,,+55 61 3107-0837,https://lamfo.unb.br/,"Campus Universitário Darcy Ribeiro, Brasília - DF, CEP 70910-900",Brasília,DF,-15.7631,-47.8694,campus,"O laboratório aplica aprendizado de máquina a administração pública e presta serviços técnicos especializados a órgãos públicos, experiência próxima à demanda da CGINA por análise de dados institucionais e avaliação de programas.","Laboratório que desenvolve, aplica e estuda fenômenos organizacionais com algoritmos de aprendizado de máquina, em áreas como marketing, logística, administração pública, gestão de pessoas e finanças. Organiza-se em três eixos: pesquisa, impacto (disseminação do conhecimento em ciência de dados) e soluções (projetos para empresas e órgãos públicos). É credenciado para Prestação de Serviços Técnicos Especializados.",parcial,2026-09-17,"A página da Diretoria de Pesquisa e Inovação da UnB lista contato de e-mail pessoal de docente, não registrado. Fontes divergem quanto à coordenação: a página institucional da UnB indica Pedro Henrique Melo Albuquerque, registro adotado por ser fonte institucional.",https://lamfo.unb.br/; https://lamfo.unb.br/about/; https://pesquisa.unb.br/humanidades-ciencias-sociais/lab-inovacao-prestacao-servicos-tecnologicos-ciencias-sociais?menu=806
ufg-ceia,sim,Centro de Excelência em Inteligência Artificial,CEIA,centro,Universidade Federal de Goiás,UFG,universidade federal,Instituto de Informática (INF),ciencia_de_dados,politicas_publicas,Anderson da Silva Soares,Coordenador,ceia@ceia.ufg.br,+55 62 3521-1724,https://ceia.ufg.br/,"Alameda Palmeiras, Quadra D, Campus Samambaia, Instituto de Informática, Sala 244, Goiânia - GO, CEP 74690-900",Goiânia,GO,-16.6034,-49.2643,campus,"O centro resulta de política pública estadual de ciência e tecnologia e opera em modelo de articulação entre academia, governo e empresas, caso de referência para estudos sobre instrumentos de fomento e avaliação de políticas de ciência.","Centro de inovação que desenvolve soluções com dados e inteligência artificial, criado em 2019 a partir de política pública da Fundação de Amparo à Pesquisa do Estado de Goiás (FAPEG). É unidade EMBRAPII desde 2020 e atua em software inteligente, automação industrial com inteligência artificial e soluções integradas de hardware e software. Aplica-se a saúde, logística, segurança, energia e cidades inteligentes, com mais de 30 empresas, startups e instituições parceiras.",verificado,2026-09-17,"A página do Instituto de Informática publica também endereço de e-mail em domínio comercial, não registrado. O e-mail institucional consta da página da unidade EMBRAPII.",https://ceia.ufg.br/; https://inf.ufg.br/p/39527-centro-de-excelencia-em-inteligencia-artificial-ceia; https://embrapii.org.br/unidades/inteligencia-artificial-ceia-ufg/; https://jornal.ufg.br/n/122975-centro-de-excelencia-em-inteligencia-artificial-e-lancado-em-goias
ufms-lia,sim,Laboratório de Inteligência Artificial,LIA,laboratório,Universidade Federal de Mato Grosso do Sul,UFMS,universidade federal,Faculdade de Computação (FACOM),ciencia_de_dados,,,,,+55 67 3345-7910,https://www.facom.ufms.br/laboratorios/,"Faculdade de Computação, Cidade Universitária, Campo Grande - MS, CEP 79070-900",Campo Grande,MS,-20.5028,-54.6144,campus,"O laboratório sustenta o bacharelado em Inteligência Artificial e o curso de Ciência dos Dados da UFMS, sendo referência de formação na área no Centro-Oeste.","Laboratório de pesquisa e inovação em inteligência artificial da Faculdade de Computação da UFMS, com oito professores doutores e cerca de 75 estudantes. Apoia o bacharelado em Inteligência Artificial e o curso de Ciência dos Dados, e pesquisa aprendizado de máquina, processamento de linguagem natural e visão computacional. Integra o complexo de laboratórios da FACOM, ao lado do LSCAD, de computação de alto desempenho.",parcial,2026-09-17,"A página de laboratórios não publica coordenador, e-mail nem sala do LIA. Telefone e endereço registrados são os da Faculdade de Computação.",https://www.facom.ufms.br/laboratorios/; https://www.facom.ufms.br/inteligencia-artificial/; https://www.facom.ufms.br/
ufal-led,sim,Laboratório de Estatística e Ciências de Dados,LED,laboratório,Universidade Federal de Alagoas,UFAL,universidade federal,Instituto de Matemática (IM),ciencia_de_dados,politicas_publicas,Krerley Oliveira,Coordenador,,,https://im.ufal.br/,"Campus A. C. Simões, Avenida Lourival Melo Mota, s/n, Tabuleiro do Martins, Maceió - AL, CEP 57072-900",Maceió,AL,-9.5551,-35.7726,campus,"O laboratório desenvolve sistemas de classificação automática de processos e documentos para tribunais e secretarias estaduais, competência transferível à catalogação de acervos e à triagem de dados institucionais.","Laboratório do Instituto de Matemática da UFAL que atua em processamento de linguagem natural, visão computacional e ciência de dados. Desenvolve soluções para instituições públicas, entre elas o Tribunal de Justiça de Alagoas, a Secretaria da Fazenda do Piauí e o Ministério Público da Paraíba. Um de seus sistemas, o Hércules, auxilia a análise de processos judiciais. Reúne cerca de 30 estudantes e docentes.",parcial,2026-09-17,O laboratório não mantém página própria localizada. Dados extraídos do portal de notícias institucional da UFAL. Registrado o endereço do campus sede do Instituto de Matemática.,https://noticias.ufal.br/servidor/noticias/2024/2/laboratorio-de-matematica-desenvolve-solucoes-em-ia-com-alto-grau-de-impacto
fiocruz-cidacs,sim,Centro de Integração de Dados e Conhecimentos para Saúde,Cidacs,centro,Fundação Oswaldo Cruz,Fiocruz,instituição pública de pesquisa não universitária,Instituto Gonçalo Moniz (Fiocruz Bahia),ciencia_de_dados,politicas_publicas,Pablo Ivan Ramos,Coordenador-geral,cidacs.comunicacao@fiocruz.br,,https://cidacs.bahia.fiocruz.br/,"Parque Tecnológico da Bahia, Edifício Tecnocentro, Rua Mundo, 121, Trobogy",Salvador,BA,-12.9394,-38.4053,endereco,O Cidacs opera integração e catalogação de grandes bases de dados administrativos com procedimentos de anonimização e governança. A experiência em vinculação de registros e em ambiente seguro de dados é aplicável à gestão de dados institucionais da CGINA.,"Centro criado em 2016 que conduz pesquisa em saúde pública a partir da vinculação de grandes bases de dados administrativos. Mantém a Coorte de 100 Milhões de Brasileiros e plataformas de dados desidentificados e integrados. Opera datacenter próprio voltado a dados administrativos e de saúde, no Parque Tecnológico da Bahia.",verificado,2026-09-17,"Mauricio Barreto consta como coordenador científico e cocriador; Bethânia de Araújo Almeida como vice-coordenadora. Os telefones publicados na página de contato são números móveis, por isso não foram registrados.",https://cidacs.bahia.fiocruz.br/; https://cidacs.bahia.fiocruz.br/equipe/; https://cidacs.bahia.fiocruz.br/onde-estamos/; https://cidacs.bahia.fiocruz.br/fale-conosco/; https://www.bahia.fiocruz.br/cidacs/
ufc-insight-lab,sim,Insight Data Science Lab,Insight Lab,laboratório,Universidade Federal do Ceará,UFC,universidade federal,"Departamento de Computação, Centro de Ciências",ciencia_de_dados,politicas_publicas,José Antônio Fernandes de Macêdo,Coordenador,contact@insightlab.ufc.br,,https://www.insightlab.ufc.br/,"Campus do Pici, Bloco 918, CIPEMAC, segundo andar, Centro de Ciências, Departamento de Computação, Fortaleza - CE, CEP 60440-900",Fortaleza,CE,-3.7458,-38.5744,campus,"O laboratório desenvolve plataformas de dados e painéis para órgãos públicos, com experiência em integração de bases governamentais que interessa à catalogação de dados institucionais e à construção de painéis gerenciais.","Laboratório de pesquisa em ciência de dados e inteligência artificial formado por pesquisadores, professores, estudantes e desenvolvedores. Executa projetos de pesquisa e desenvolvimento com órgãos de governo e instituições parceiras. Atua há mais de dez anos no desenvolvimento tecnológico do Ceará.",verificado,2026-09-17,A página de contato indica bloco 918; outras páginas institucionais citam bloco 952. Telefone institucional não publicado.,https://www.insightlab.ufc.br/contato/; https://www.insightlab.ufc.br/coordenador-do-insight-lab-e-homenageado-pela-abin-durante-seminario-sobre-inteligencia-e-soberania-digital/; https://dc.ufc.br/pt/infraestrutura/laboratorios-de-pd-lei-de-informatica/insight-lab/
ufma-nca,sim,Núcleo de Computação Aplicada,NCA,núcleo,Universidade Federal do Maranhão,UFMA,universidade federal,Centro de Ciências Exatas e Tecnologia (CCET),ciencia_de_dados,politicas_publicas,Anselmo Cardoso de Paiva,Coordenador,,,https://nca.ufma.br/,"Avenida dos Portugueses, 1966, Prédio do CCET, Vila Bacanga, São Luís - MA, CEP 65080-805",São Luís,MA,-2.5602,-44.3067,endereco,"O núcleo executa projetos de inteligência artificial em convênio com serviços públicos estaduais e federais, experiência aplicável à avaliação de programas apoiados por dados.","Núcleo que reúne as atividades de três laboratórios da UFMA: Laboratório de Sistemas Web Avançados, Laboratório de Mídias Interativas e Laboratório de Processamento e Análise de Imagens. Trabalha inteligência artificial, visão computacional, imagens médicas, realidade virtual, processamento de linguagem natural, otimização e visualização e interação com dados complexos. Mantém parceria com o Núcleo de Telessaúde da UFMA.",parcial,2026-09-17,A página oficial não publica e-mail nem telefone institucional do núcleo. Coordenação confirmada pelo portal público do docente no SIGAA/UFMA.,https://nca.ufma.br/home/?page_id=19; https://ncaufma.github.io/; https://sigaa.ufma.br/sigaa/public/docente/portal.jsf?siape=407686
ufpb-aria,sim,Laboratório de Aplicações em Inteligência Artificial,ARIA,laboratório,Universidade Federal da Paraíba,UFPB,universidade federal,"Centro de Informática (CI), campus I",ciencia_de_dados,politicas_publicas,,,aria@ci.ufpb.br,,https://aria.ci.ufpb.br/,"Centro de Informática, Rua dos Escoteiros, s/n, Mangabeira, Campus I da UFPB, João Pessoa - PB, CEP 58055-000",João Pessoa,PB,-7.1414,-34.83,campus,"O laboratório faz transferência de tecnologia de processamento de linguagem natural e ciência de dados para o setor público, competência aplicável à classificação e à catalogação de acervos documentais.","Laboratório do Centro de Informática da UFPB dedicado a pesquisa aplicada em inteligência artificial. Atua em processamento de linguagem natural, visão computacional, processamento de áudio e ciência de dados. Mantém parcerias com o setor privado e com o governo para transferência tecnológica.",parcial,2026-09-17,A página oficial não publica o nome do coordenador nem telefone. O Centro de Informática da UFPB abriga o primeiro bacharelado público do país em Ciência de Dados e Inteligência Artificial.,https://aria.ci.ufpb.br/; https://www.ci.ufpb.br/laboratorios/; https://www.ci.ufpb.br/ciencia-de-dados-e-inteligencia-artificial/
ufcg-lsd,sim,Laboratório de Sistemas Distribuídos,LSD,laboratório,Universidade Federal de Campina Grande,UFCG,universidade federal,"Unidade Acadêmica de Sistemas e Computação, Centro de Engenharia Elétrica e Informática",ciencia_de_dados,,,,lsd@lsd.ufcg.edu.br,,https://www.lsd.ufcg.edu.br/,"Avenida Aprígio Veloso, 882, Bloco CO, Bairro Universitário, Campina Grande - PB, CEP 58429-900",Campina Grande,PB,-7.2149,-35.9088,endereco,"O laboratório trabalha ciência de dados sobre sistemas complexos e mantém projetos de longa duração com órgãos públicos, experiência aplicável à infraestrutura de processamento de grandes bases institucionais.","Laboratório de pesquisa, desenvolvimento e inovação criado formalmente em 1996, um dos mais ativos da UFCG. Atua em aplicações distribuídas, computação em nuvem e de borda, segurança e confiabilidade de sistemas computacionais, ciência de dados e aplicações de inteligência artificial em sistemas complexos. Mantém projetos com instituições públicas e empresas privadas.",parcial,2026-09-17,"A página oficial não publica o nome do coordenador atual nem telefone. A lista-semente citava um Analytics Lab na UFCG; não foi localizada unidade com esse nome. A UFCG mantém também os laboratórios LACINA, LIAD e Brain, voltados a computação inteligente.",https://www.lsd.ufcg.edu.br/; https://www.computacao.ufcg.edu.br/?page_id=1273
ufpe-cin,sim,Centro de Informática,CIn,centro,Universidade Federal de Pernambuco,UFPE,universidade federal,"Unidade acadêmica da UFPE, campus Recife",ciencia_de_dados,divulgacao_cientifica,Sérgio Castelo Branco Soares,Diretor,diretoria@cin.ufpe.br,+55 81 2126-8430,https://portal.cin.ufpe.br/,"Avenida Jornalista Aníbal Fernandes, s/n, Cidade Universitária, Recife - PE, CEP 50740-560",Recife,PE,-8.0554,-34.9513,endereco,"O centro mantém mais de 20 laboratórios de ensino e pesquisa e graduação própria em inteligência artificial, sendo interlocutor para estudos sobre formação e indicadores da pós-graduação em computação.","Centro de ensino e pesquisa em computação com graduações em Ciência da Computação, Engenharia da Computação, Sistemas de Informação e Inteligência Artificial, além de mestrado e doutorado acadêmicos e profissionais. Mantém mais de 20 laboratórios de ensino e pesquisa, incubadora de negócios e espaço maker. Diversos de seus laboratórios trabalham com ciência de dados e aprendizado de máquina.",verificado,2026-09-17,Vice-diretor: Ricardo Massa Ferreira Lima.,https://portal.cin.ufpe.br/; https://portal.cin.ufpe.br/o-cin/contatos/; https://portal.cin.ufpe.br/o-cin/diretoria/
ufrn-imd,sim,Instituto Metrópole Digital,IMD,instituto,Universidade Federal do Rio Grande do Norte,UFRN,universidade federal,Unidade acadêmica especializada da UFRN,ciencia_de_dados,politicas_publicas; divulgacao_cientifica,José Ivonildo do Rêgo,Diretor-geral,ascom@imd.ufrn.br,+55 84 3342-2216,https://www.metropoledigital.ufrn.br/portal/,"Campus Universitário Central da UFRN, Avenida Capitão-Mor Gouveia, s/n, Lagoa Nova, Natal - RN, CEP 59078-900",Natal,RN,-5.8321,-35.2058,endereco,"O instituto reúne formação em ciência de dados e inteligência artificial com projetos de governo digital e inclusão digital, e opera escritórios em três cidades, modelo útil para estudos de capilaridade da formação em dados.","Unidade acadêmica especializada da UFRN voltada à tecnologia da informação, com ensino técnico, de graduação e de pós-graduação. Desenvolve pesquisa, inovação, formação de talentos e empreendedorismo, e opera o Metrópole Parque, incubadora de empresas de base tecnológica. Mantém escritórios em Natal, Caicó e Mossoró.",verificado,2026-09-17,Vice-diretor: Adrião Duarte Dória Neto.,https://www.metropoledigital.ufrn.br/portal/institucional/sobreimd; https://www.metropoledigital.ufrn.br/portal/institucional/equipe
ufam-icomp,sim,Instituto de Computação,IComp,instituto,Universidade Federal do Amazonas,UFAM,universidade federal,"Unidade acadêmica da UFAM, campus Manaus",ciencia_de_dados,divulgacao_cientifica,José Luiz de Souza Pio,Diretor,,+55 92 3305-1181,https://icomp.ufam.edu.br/,"Avenida Rodrigo Otávio, 6200, Coroado I, Campus Universitário Senador Arthur Virgílio Filho, Setor Norte, Manaus - AM, CEP 69080-900",Manaus,AM,-3.0975,-59.976,campus,"O instituto publica painel próprio de indicadores acadêmicos e de produção, prática diretamente comparável ao que a CGINA pretende fazer com dados da pós-graduação.","Unidade acadêmica da UFAM responsável pelos cursos de graduação e pós-graduação em computação em Manaus. Mantém grupos de pesquisa em aprendizado de máquina, mineração de dados, recuperação de informação e processamento de imagens. Publica o painel Números IComp, com indicadores de ensino, pesquisa e produção do instituto.",parcial,2026-09-17,Os endereços de e-mail do site são protegidos contra coleta automática e não puderam ser lidos.,https://icomp.ufam.edu.br/; https://icomp.ufam.edu.br/contato.html; https://icomp.ufam.edu.br/como-chegar.html; https://numeros.icomp.ufam.edu.br/
ufpa-ccad-ia,sim,Centro de Computação de Alto Desempenho e Inteligência Artificial,CCAD-IA,centro,Universidade Federal do Pará,UFPA,universidade federal,"Órgão suplementar da UFPA, campus Belém",ciencia_de_dados,divulgacao_cientifica,,,suporte-ccad@ufpa.br,+55 91 3201-7651,https://www.ccad.ufpa.br/,"Rua Bettina Ferro de Souza, Portão 4, Bairro Universitário, Belém - PA, CEP 66075-110",Belém,PA,-1.4738,-48.4523,endereco,"O centro é a infraestrutura de computação de alto desempenho da Amazônia oriental e articula 16 laboratórios de pesquisa em dados, referência para políticas de infraestrutura computacional para a ciência brasileira.","Centro que promove pesquisa e desenvolvimento em computação de alto desempenho e inteligência artificial na UFPA. Congrega 16 laboratórios, entre eles o Laboratório de Inteligência de Dados, o LABCITY e o grupo HPC Learning, e mantém equipamentos de processamento compartilhados. Oferece capacitação a pesquisadores e apoia projetos aplicados a saúde e cidades inteligentes.",parcial,2026-09-17,A página oficial não publica o nome do coordenador ou diretor do centro.,https://www.ccad.ufpa.br/; https://www.ccad.ufpa.br/laboratorios/
ufpa-lid,sim,Laboratório de Inteligência de Dados,LID,laboratório,Universidade Federal do Pará,UFPA,universidade federal,"Instituto de Ciências Exatas e Naturais (ICEN), com sede no prédio do Centro de Computação de Alto Desempenho",ciencia_de_dados,,Reginaldo Cordeiro dos Santos Filho,Coordenador,regicsf@ufpa.br,,https://ufpa.br/orgaos/laboratorio-de-inteligencia-de-dados/,"Rua Augusto Corrêa, 01, Campus Universitário do Guamá, Prédio do Centro Paraense de Computação de Alto Desempenho, Guamá, Belém - PA, CEP 66075-110",Belém,PA,-1.4744,-48.4528,endereco,"O laboratório trata grandes bases de dados de áreas diversas e produz visualizações e modelos de detecção de padrões, competência aplicável à análise de bases da pós-graduação.","Laboratório que trabalha com tecnologias de inteligência artificial aplicadas a grandes bases de dados de diversas áreas do conhecimento. Produz visualizações, informações e modelos de aprendizado de máquina para detectar padrões de interesse. Funciona no prédio do Centro Paraense de Computação de Alto Desempenho, em Belém.",verificado,2026-09-17,A lista-semente pedia laboratórios de dados do ICEN ou do Instituto de Tecnologia da UFPA; esta é a unidade correspondente.,https://ufpa.br/orgaos/laboratorio-de-inteligencia-de-dados/; https://www.ccad.ufpa.br/laboratorios/
ufrr-laboratorios-fox-data-e-ia-maloca-das-icoisas,sim,Laboratórios Fox Data e IA/Maloca das iCoisas,,laboratório,Universidade Federal de Roraima,UFRR,universidade federal,"Departamento de Ciência da Computação, Centro de Tecnologia e Inovação, Campus Paricarana",ciencia_de_dados,divulgacao_cientifica,,,,,https://ufrr.br/,"Campus Paricarana, Avenida Capitão Ene Garcez, 2413, Aeroporto, Boa Vista - RR, CEP 69310-000",Boa Vista,RR,2.8397,-60.6933,campus,"São a capacidade instalada de ciência de dados em Roraima e demonstram a expansão da formação em dados para estados com pós-graduação em consolidação, tema de interesse para estudos de assimetria regional do Sistema Nacional de Pós-Graduação.","Laboratórios inaugurados no Centro de Tecnologia e Inovação do Campus Paricarana da UFRR, voltados a pesquisa e capacitação em inteligência artificial, ciência de dados e internet das coisas. O Departamento de Ciência da Computação usa a estrutura para cursos de capacitação em ciência de dados aplicada e em aprendizado de máquina, abertos a estudantes do ensino superior.",parcial,2026-09-17,A tentativa de leitura direta da notícia oficial falhou por problema de certificado do servidor. Dados obtidos por resultados de busca sobre o portal institucional da UFRR. Não há página própria dos laboratórios nem coordenador publicado.,https://ufrr.br/noticias/ufrr-inaugura-laboratorios-com-infraestrutura-de-ponta-para-trabalhar-pesquisas-e-capacitacoes-em-inteligencia-artificial-internet-das-coisas-e-ciencia-de-dados/; https://ufrr.br/noticias/departamento-de-ciencias-da-computacao-da-ufrr-oferece-capacitacao-sobre-ia-ciencia-de-dados-com-100-vagas-para-alunos-de-ensino-superior/
uft-lbdes,sim,Laboratório de Banco de Dados e Engenharia de Software,LBDES,laboratório,Universidade Federal do Tocantins,UFT,universidade federal,"Curso de Ciência da Computação, Câmpus de Palmas",ciencia_de_dados,politicas_publicas,Ary Henrique Morais de Oliveira,Coordenador,lbdes@uft.edu.br,+55 63 3229-4513,https://www.uft.edu.br/campus/palmas/laboratorios/lbdes/sobre-o-laboratorio,"Câmpus de Palmas, Avenida NS-14, ALCNO 14, Quadra 109 Norte, Bloco 3, Sala 104, Plano Diretor Norte, Palmas - TO, CEP 77001-090",Palmas,TO,-10.1809,-48.3559,endereco,"O laboratório analisa grandes volumes de dados aplicados a educação e a saúde e é unidade credenciada pela EMBRAPII, referência de capacidade instalada de análise de dados no Norte.","Laboratório do curso de Ciência da Computação do Câmpus de Palmas da UFT, credenciado junto à EMBRAPII. Busca eficiência na análise de dados e informações para produção de conhecimento, sobretudo em aplicações com grandes volumes de dados em agricultura, educação, engenharia, indústria, meio ambiente e saúde. Trabalha também linguagens, ferramentas e padrões de software e tecnologias sociais e assistivas.",verificado,2026-09-17,,https://www.uft.edu.br/campus/palmas/laboratorios/lbdes/sobre-o-laboratorio; https://www.uft.edu.br/campus/palmas/laboratorios/lbdes/localizacao-e-contatos/laboratorio-de-banco-de-dados-e-engenharia-de-software-lbdes
ufes-ninfa,sim,Núcleo de Inferência e Algoritmos,NINFA,núcleo,Universidade Federal do Espírito Santo,UFES,universidade federal,"Centro Tecnológico, Departamento de Informática",ciencia_de_dados,,,,,,https://ninfa.ufes.br/,"Avenida Fernando Ferrari, 514, Goiabeiras, Campus de Goiabeiras, Vitória - ES, CEP 29075-910",Vitória,ES,-20.2757,-40.304,campus,"O núcleo combina inferência estatística e mineração de dados em projetos aplicados, competência útil à construção de indicadores e de modelos preditivos sobre bases institucionais.","Núcleo de pesquisa e desenvolvimento científico da UFES nas áreas de inteligência artificial, mineração de dados e otimização. Desenvolve projetos com redes neurais, algoritmos genéticos, sistemas baseados em conhecimento e inferência estatística, em parceria com empresas como EDP e Petrobras. Mantém estações de pesquisa em aprendizado profundo e cluster computacional próprio.",parcial,2026-09-17,"A página oficial não publica coordenador, e-mail nem telefone do núcleo.",https://ninfa.ufes.br/; https://ninfa.ufes.br/equipe; https://informatica.ufes.br/pt-br/pos-graduacao/PPGI/grupos-e-n%C3%BAcleos-de-pesquisa
fjp-direi,sim,Diretoria de Estatística e Informações,Direi,diretoria,Fundação João Pinheiro,FJP,instituição pública de pesquisa não universitária,,ciencia_de_dados,politicas_publicas,Marconi Martins de Laia,Diretor de Estatística e Informações,marconi.laia@fjp.mg.gov.br,(31) 3448-9718,https://fjp.mg.gov.br/servicos-fjp/estatistica-e-informacoes/,"Alameda das Acácias, 70, São Luiz, Pampulha, CEP 31275-150",Belo Horizonte,MG,-19.8582,-43.9762,endereco,"A Direi produz índices, indicadores e estatísticas econômicas, demográficas e sociais de Minas Gerais, incluindo o Índice Mineiro de Responsabilidade Social. Interessa à CGINA como referência de produção de indicadores por instituição pública de pesquisa estadual.","Diretoria da Fundação João Pinheiro responsável pela produção de estatísticas e indicadores econômicos, demográficos e sociais. Publica estudos periódicos e mantém a série Estatística e Informações. Atende demandas de dados do governo de Minas Gerais e do público.",verificado,2026-09-17,"Presidenta da Fundação João Pinheiro: Luciana Lopes Nominato Braga (pre@fjp.mg.gov.br, 31 3448-9709). A FJP é fundação pública estadual de pesquisa e ensino, com programas próprios de pós-graduação.",https://fjp.mg.gov.br/a-fjp/quem-e-quem/; https://fjp.mg.gov.br/servicos-fjp/estatistica-e-informacoes/; https://fjp.mg.gov.br/
ufmg-ciia-saude,sim,Centro de Inovação em Inteligência Artificial para a Saúde,CIIA-Saúde,centro,Universidade Federal de Minas Gerais,UFMG,universidade federal,"Departamento de Ciência da Computação (DCC), em parceria com a Faculdade de Medicina e o Hospital das Clínicas",ciencia_de_dados,politicas_publicas; divulgacao_cientifica,Virgílio Almeida,Coordenador geral,,+55 31 3409-5860,https://ciia-saude.dcc.ufmg.br/home/,"Avenida Antônio Carlos, 6627, Prédio do ICEx, Pampulha, Belo Horizonte - MG, CEP 31270-901",Belo Horizonte,MG,-19.8697,-43.9636,endereco,"O centro reúne 95 pesquisadores com bolsa de produtividade do CNPq e trata de gestão de sistemas de saúde com dados, experiência aplicável a indicadores setoriais e a estudos de avaliação de políticas.","Centro de pesquisa e desenvolvimento de técnicas e soluções de inteligência artificial para a área de saúde, criado em estrutura multidisciplinar que integra computação, engenharia e saúde. Atua em cinco áreas: prevenção e qualidade de vida, diagnóstico e prognóstico, medicina terapêutica personalizada, gestão de sistemas de saúde e resposta a epidemias. Promove educação em saúde digital por cursos, eventos e mídias sociais.",parcial,2026-09-17,"A página oficial publica apenas endereço de e-mail em domínio comercial, que não foi registrado conforme a regra de contato institucional. Telefone e endereço são os do DCC/UFMG, unidade sede. Vice-coordenador: Antônio Ribeiro (Faculdade de Medicina).",https://ciia-saude.dcc.ufmg.br/home/; https://dcc.ufmg.br/3900/; https://dcc.ufmg.br/
fgv-fgv-emap,sim,Escola de Matemática Aplicada,FGV EMAp,escola,Fundação Getulio Vargas,FGV,universidade privada,Unidade acadêmica da FGV no Rio de Janeiro,ciencia_de_dados,politicas_publicas; divulgacao_cientifica,César Camacho,Diretor,emap@fgv.br,+55 21 3799-5917,https://emap.fgv.br/,"Praia de Botafogo, 190, 5º andar, Botafogo, Rio de Janeiro - RJ, CEP 22250-900",Rio de Janeiro,RJ,-22.9412,-43.1794,endereco,"A escola mantém graduação e pós-graduação em Matemática Aplicada e Ciência de Dados e produz estudos aplicados a epidemiologia e a políticas públicas, sendo interlocutora para metodologia de indicadores.","Unidade acadêmica da FGV dedicada ao ensino e à aplicação da matemática, com bacharelado em Ciência de Dados e Inteligência Artificial e mestrado e doutorado acadêmicos em Matemática Aplicada e Ciência de Dados. Sua missão inclui pesquisa em matemática e suas aplicações e em ciência de dados, com ênfase em ciências sociais aplicadas e epidemiologia, e a formação de pesquisadores.",verificado,2026-09-17,Vice-diretor: Claudio José Struchiner. Instituição privada incluída por ser referência nacional na área.,https://cma.fgv.br/escola; https://emap.fgv.br/
fiocruz-icict,sim,Instituto de Comunicação e Informação Científica e Tecnológica em Saúde,Icict,instituto,Fundação Oswaldo Cruz,Fiocruz,instituição pública de pesquisa não universitária,,ciencia_de_dados,divulgacao_cientifica,Adriano da Silva,Diretor,diretoria.icict@fiocruz.br,(21) 3865-3131,https://www.icict.fiocruz.br/,"Av. Brasil, 4365, Pavilhão Haity Moussatché, Manguinhos, CEP 21040-900",Rio de Janeiro,RJ,-22.876,-43.2445,campus,"O Icict reúne gestão de informação científica, repositórios institucionais e produção de indicadores de saúde. O modelo de articulação entre informação científica, dados e comunicação é referência para a organização das atribuições da CGINA.","Unidade técnico-científica da Fiocruz que desenvolve pesquisa, produtos e estratégias de comunicação e informação para o Sistema Único de Saúde. Mantém repositórios, bases de dados e plataformas de informação em saúde, além de programas de pós-graduação. Abriga o Laboratório de Informação em Saúde e a Plataforma de Ciência de Dados aplicada à Saúde.",verificado,2026-09-17,"Vice-direções: Ingrid Jann (Gestão e Desenvolvimento Institucional), Tania Santos (Informação e Comunicação), Kizi Araújo (Ensino), Renata Gracie (Pesquisa).",https://www.icict.fiocruz.br/direcao; https://www.icict.fiocruz.br/; https://fiocruz.br/instituto-de-comunicacao-e-informacao-cientifica-e-tecnologica-em-saude-icict
fiocruz-pcdas,sim,Plataforma de Ciência de Dados aplicada à Saúde,PCDaS,programa,Fundação Oswaldo Cruz,Fiocruz,instituição pública de pesquisa não universitária,"Laboratório de Informação em Saúde (Lis), Instituto de Comunicação e Informação Científica e Tecnológica em Saúde (Icict)",ciencia_de_dados,,Marcel Pedroso,Coordenador,pcdas@icict.fiocruz.br,,https://pcdas.icict.fiocruz.br/,"Av. Brasil, 4.035, Campus Maré, Sala 713, Manguinhos, CEP 21040-361",Rio de Janeiro,RJ,-22.8776,-43.2483,endereco,"A PCDaS documenta, harmoniza e disponibiliza bases de dados públicas com ferramentas de análise e dicionários de dados. O modelo de catalogação e acesso a dados interessa diretamente à gestão de dados institucionais da CGINA.","Plataforma que reúne conjuntos de dados extraídos de fontes públicas, tratados e documentados, com ferramentas eletrônicas de análise para pesquisa em saúde. É iniciativa do Laboratório de Informação em Saúde do Icict/Fiocruz em parceria com o Laboratório Nacional de Computação Científica. O cadastro de usuários é gratuito.",verificado,2026-09-17,Fabio Porto (LNCC) consta como coordenador adjunto.,https://pcdas.icict.fiocruz.br/sobre-nos/; https://pcdas.icict.fiocruz.br/; https://www.icict.fiocruz.br/plataformapcdas
ibge-ence,sim,Escola Nacional de Ciências Estatísticas,ENCE,escola,Instituto Brasileiro de Geografia e Estatística,IBGE,instituição pública de pesquisa não universitária,,ciencia_de_dados,politicas_publicas,Maysa Sacramento de Magalhães,Coordenadora-geral,coordence@ibge.gov.br,(21) 2142-4677,https://ence.ibge.gov.br/,"Rua André Cavalcanti, 106, Bairro de Fátima, CEP 20231-050",Rio de Janeiro,RJ,-22.9126,-43.1876,endereco,A ENCE forma estatísticos e pesquisadores em estatísticas públicas e mantém programa de pós-graduação avaliado pela Capes. Interessa à CGINA como referência em produção de estatísticas públicas e como unidade do Sistema Nacional de Pós-Graduação fora do ambiente universitário.,"Instituição federal de ensino superior do IBGE, fundada em 6 de março de 1953. Oferece bacharelado em Estatística, especialização em Análise Ambiental e Gestão do Território e mestrado e doutorado em População, Território e Estatísticas Públicas. Também capacita servidores públicos em métodos estatísticos.",parcial,2026-09-17,"O nome da coordenadora-geral não consta nominalmente nas páginas oficiais consultadas; foi obtido em resultado de busca sobre a página de telefones e endereços do IBGE. Contatos por área: cgrad@ibge.gov.br (graduação) e cpgence@ibge.gov.br (pós-graduação, telefone 21 2142-4696).",https://ence.ibge.gov.br/index.php/portal-a-ence/portal-a-ence-apresentacao; https://ence.ibge.gov.br/index.php/portal-a-ence/portal-a-ence-localizacao; https://ence.ibge.gov.br/
mcti-lncc,sim,Laboratório Nacional de Computação Científica,LNCC,laboratório,"Ministério da Ciência, Tecnologia e Inovação",MCTI,instituição pública de pesquisa não universitária,,ciencia_de_dados,,Fábio Borges de Oliveira,Diretor,diretoria@lncc.br,(24) 2233-6000,https://www.gov.br/lncc/pt-br,"Av. Getúlio Vargas, 333, Quitandinha, CEP 25651-075",Petrópolis,RJ,-22.5273,-43.2114,endereco,O LNCC opera infraestrutura nacional de computação de alto desempenho e mantém pós-graduação em modelagem computacional. É referência técnica para processamento e análise de grandes volumes de dados institucionais.,"Unidade de pesquisa do MCTI especializada em computação científica, modelagem computacional e computação de alto desempenho. Opera o supercomputador Santos Dumont e conduz a implantação de infraestrutura nacional de inteligência artificial. Mantém programa de pós-graduação em Modelagem Computacional e coordenações de métodos matemáticos e computacionais, modelagem computacional e tecnologia da informação.",verificado,2026-09-17,"Vice-diretor: Wagner Vieira Léo. E-mail institucional da secretaria: secin@lncc.br. Coordenação de Pós-Graduação e Aperfeiçoamento: Antônio Tadeu Azevedo Gomes, copga@lncc.br.",https://www.gov.br/lncc/pt-br/acesso-a-informacao/institucional/quem-e-quem; https://www.gov.br/lncc/pt-br/assuntos/canais-de-atendimento/fale-conosco; https://www.lncc.br/diretoria
puc-rio-daslab,sim,"daslab, Núcleo de Inovação Tecnológica em Ciência de Dados",daslab,laboratório,Pontifícia Universidade Católica do Rio de Janeiro,PUC-Rio,universidade privada,Departamento de Informática,ciencia_de_dados,divulgacao_cientifica,Hélio Côrtes Vieira Lopes,Coordenador,lopes@inf.puc-rio.br,+55 21 3527-1500,http://www.inf.puc-rio.br/blog/laboratorio/daslab/,"Rua Marquês de São Vicente, 225, Sala 408 RDC, Gávea, Rio de Janeiro - RJ, CEP 22451-900",Rio de Janeiro,RJ,-22.9791,-43.233,endereco,"O laboratório trabalha visualização de dados, mineração de processos e ética em computação, temas aplicáveis a painéis gerenciais e a governança de dados institucionais.","Núcleo de Inovação Tecnológica em Ciência de Dados do Departamento de Informática da PUC-Rio, criado em 2017. Faz pesquisa, desenvolvimento e inovação em aprendizado de máquina, mineração de dados, mineração de processos, visualização, experiência do usuário, inteligência artificial, bancos de dados, internet das coisas e ética em computação. Integra o grupo ExACTA, que executa projetos com a indústria em finanças, seguros, entretenimento e petróleo e gás.",verificado,2026-09-17,Coordenação compartilhada com Simone Diniz Junqueira Barbosa. Instituição privada incluída por ser referência nacional na área.,http://www.inf.puc-rio.br/blog/laboratorio/daslab/; https://www.inf.puc-rio.br/blog/laboratorio/
ufrj-edc,sim,Linha de Engenharia de Dados e Conhecimento,EDC,grupo de pesquisa,Universidade Federal do Rio de Janeiro,UFRJ,universidade federal,"Programa de Engenharia de Sistemas e Computação (PESC), COPPE",ciencia_de_dados,divulgacao_cientifica,,,edc@cos.ufrj.br,,https://edc.cos.ufrj.br/,"Avenida Horácio Macedo, 2030, Centro de Tecnologia, Bloco H, Sala 319, Cidade Universitária, Rio de Janeiro - RJ, CEP 21941-914",Rio de Janeiro,RJ,-22.8593,-43.2306,endereco,"A linha trabalha gestão do conhecimento, bancos de dados e sistemas de recomendação há mais de 30 anos, competência aplicável à organização e à recuperação de acervos de dados institucionais.","Linha de pesquisa do PESC/COPPE/UFRJ que desenvolve pesquisa em todos os aspectos ligados ao conhecimento, à informação e aos dados. Atua em aprendizado de máquina, processamento de texto, bancos de dados, sistemas de recomendação, gestão do conhecimento e jogos educacionais. Reúne docentes e estudantes de mestrado e doutorado do programa.",parcial,2026-09-17,"A página oficial não indica coordenador nem telefone. A COPPE mantém também o Laboratório de Inteligência Artificial (LabIA), vinculado ao mesmo programa.",https://edc.cos.ufrj.br/; https://antigo.coppe.ufrj.br/pt-br/node/265
ai2-ai2,sim,Advanced Institute for Artificial Intelligence,AI2,instituto,Advanced Institute for Artificial Intelligence,AI2,instituição pública de pesquisa não universitária,"Consórcio de pesquisadores, com convênio com FAPESP, USP, Unicamp e UNESP",ciencia_de_dados,politicas_publicas,,,ai2@advancedinstitute.ai,,https://advancedinstitute.ai/,"Rua Lincoln de Albuquerque, 259, Lincoln Offices 38 B, Perdizes, São Paulo - SP, CEP 05004-010",São Paulo,SP,-23.534,-46.683,endereco,"O instituto articula pesquisadores de várias universidades em torno de problemas públicos e mantém convênio com a FAPESP e três universidades estaduais paulistas, arranjo de interesse para estudos sobre cooperação interinstitucional em pesquisa.","Consórcio de pesquisadores de inteligência artificial de diferentes áreas, sem fins lucrativos, voltado a problemas de relevância social com apoio financeiro principalmente do setor privado. Atua em diagnóstico médico, eficiência agrícola e detecção de corrupção. Assinou convênio com a FAPESP e com as reitorias da USP, Unicamp e UNESP para atuação junto à indústria paulista.",parcial,2026-09-17,"A lista-semente tratava o AI2 como unidade da UNESP; a página oficial o descreve como consórcio independente, com parceria com várias universidades. O telefone publicado é número de celular e não foi registrado. Não há coordenador identificado na página oficial.",https://advancedinstitute.ai/; https://jornal.unesp.br/2024/12/20/fapesp-reitores-de-unesp-usp-e-unicamp-e-instituto-ai2-assinam-convenio-para-impulsionar-area-de-inteligencia-artificial-da-industria-paulista/
governo-do-estado-de-sao-paulo-seade,sim,Fundação Sistema Estadual de Análise de Dados,Seade,instituto,Governo do Estado de São Paulo,,instituição pública de pesquisa não universitária,,ciencia_de_dados,politicas_publicas,,,,(11) 3324-7200,https://www.seade.gov.br/,"Av. Prof. Lineu Prestes, 913, Cidade Universitária, CEP 05508-000",São Paulo,SP,-23.5605,-46.7263,endereco,"A Seade coleta, analisa e dissemina dados demográficos, econômicos e sociais e mantém portais de dados abertos e painéis públicos. O modelo de disseminação de estatísticas oficiais interessa à catalogação e publicação de dados da CGINA.","Fundação pública do estado de São Paulo dedicada à produção e à análise de estatísticas sobre demografia, economia e temas sociais. Mantém portais de dados abertos, o Perfil dos Municípios Paulistas e painéis temáticos. Desenvolve iniciativas de aplicação de inteligência artificial a dados públicos.",parcial,2026-09-17,As páginas institucionais não publicam o nome do dirigente atual nem e-mail em texto aberto (endereços aparecem codificados). O Serviço de Informação ao Cidadão é atendido pelo telefone (11) 3324-7400.,https://www.seade.gov.br/; https://www.seade.gov.br/contato/; https://www.seade.gov.br/institucional/
insper-centro-de-dados-e-inteligencia-artificial,sim,Centro de Dados e Inteligência Artificial,,centro,Insper Instituto de Ensino e Pesquisa,Insper,universidade privada,Área de pesquisa e conhecimento do Insper,ciencia_de_dados,politicas_publicas,André Filipe de Moraes Batista,Coordenador técnico,,,https://www.insper.edu.br/pt/pesquisa/centro-de-dados-e-ia,"Rua Quatá, 300, Vila Olímpia, São Paulo - SP, CEP 04546-042",São Paulo,SP,-23.596,-46.687,endereco,"O centro produz análises de dados aplicadas a decisão e a políticas públicas, em articulação com o Centro de Gestão e Políticas Públicas da instituição, tema próximo à avaliação de programas.","Centro de pesquisa do Insper dedicado a ciência de dados e inteligência artificial, sucessor do Centro de Ciência de Dados criado em 2021. Desenvolve pesquisa aplicada e projetos com organizações públicas e privadas. A instituição mantém também o Núcleo Ciências de Dados e Decisão, ligado ao Centro de Gestão e Políticas Públicas.",parcial,2026-09-17,As páginas do Insper retornaram HTTP 403 nas tentativas de leitura direta; dados obtidos por resultados de busca sobre as páginas institucionais. O cargo do responsável refere-se ao antigo Centro de Ciência de Dados. Instituição privada incluída por ser referência nacional na área.,https://www.insper.edu.br/content/insper-portal/pt/pesquisa/centro-de-dados-e-ia.html; https://www.insper.edu.br/content/insper-portal/pt/pesquisa/centro-de-gestao-e-politicas-publicas/nucleo-ciencias-de-dados-e-decisao.html
mcti-cemaden,sim,Centro Nacional de Monitoramento e Alertas de Desastres Naturais,Cemaden,centro,"Ministério da Ciência, Tecnologia e Inovação",MCTI,instituição pública de pesquisa não universitária,,ciencia_de_dados,politicas_publicas,Osvaldo Luiz Leal de Moraes,Diretor,contato@cemaden.gov.br,(12) 3205-0201,https://www.gov.br/cemaden/pt-br,"Parque de Inovação Tecnológica, Estrada Doutor Altino Bondensan, 500, Distrito de Eugênio de Melo, CEP 12247-016",São José dos Campos,SP,-23.1789,-45.8095,campus,"O Cemaden opera coleta contínua de dados de rede própria de sensores, modelagem e emissão de alertas, com divulgação pública dos dados. Interessa à CGINA como referência de infraestrutura de dados operacional em instituição federal de pesquisa.","Unidade de pesquisa do MCTI responsável por monitorar ameaças naturais em municípios brasileiros e emitir alertas de desastres. Opera rede de sensores, sistemas de modelagem e a Coordenação-Geral de Operações e Modelagens, voltada à análise de dados e à informatização do setor. Recebe visitação pública em São José dos Campos.",parcial,2026-09-17,Diretora substituta: Regina Célia dos Santos Alvalá. Dados de direção e contato obtidos em resultado de busca sobre as páginas oficiais; o endereço corresponde ao Parque de Inovação Tecnológica de São José dos Campos e deve ser reconferido na geocodificação.,https://www.gov.br/cemaden/pt-br; http://www2.cemaden.gov.br/quem-e-quem/; http://www2.cemaden.gov.br/estrutura-fisica-e-organizacional-do-cemaden/
unesp-ncc,sim,Núcleo de Computação Científica,NCC,núcleo,Universidade Estadual Paulista Júlio de Mesquita Filho,UNESP,universidade estadual,"Unidade complementar da UNESP, campus Barra Funda, São Paulo",ciencia_de_dados,divulgacao_cientifica,,,,,https://www.ncc.unesp.br/,"Rua Doutor Bento Teobaldo Ferraz, 271, Bloco II, Barra Funda, São Paulo - SP, CEP 01140-070",São Paulo,SP,-23.5265,-46.665,endereco,"O núcleo opera a infraestrutura de computação científica e de processamento de grandes volumes de dados da UNESP, referência para dimensionamento de capacidade computacional para pesquisa.","Unidade da UNESP dedicada à computação científica e ao processamento de grandes volumes de dados de pesquisa, com sede no campus da Barra Funda, em São Paulo. Opera infraestrutura de alto desempenho e de armazenamento usada por grupos de pesquisa da universidade e por colaborações internacionais, entre elas projetos de física de altas energias. Sedia eventos e atividades de formação em ciência de dados e inteligência artificial.",parcial,2026-09-17,"Não foi possível abrir a página oficial do núcleo dentro do orçamento de consultas desta rodada. Dados obtidos do Jornal da UNESP. Coordenador, e-mail e telefone não confirmados em fonte oficial; recomenda-se nova verificação.",https://jornal.unesp.br/2025/04/22/a-inteligencia-artificial-e-a-unesp-desafios-e-oportunidades/; https://jornal.unesp.br/2024/12/20/fapesp-reitores-de-unesp-usp-e-unicamp-e-instituto-ai2-assinam-convenio-para-impulsionar-area-de-inteligencia-artificial-da-industria-paulista/
unicamp-recod-ai,sim,Laboratório de Inteligência Artificial Recod.ai,Recod.ai,laboratório,Universidade Estadual de Campinas,UNICAMP,universidade estadual,Instituto de Computação (IC),ciencia_de_dados,,Anderson de Rezende Rocha,Coordenador,diretoria@ic.unicamp.br,+55 19 3521-5839,https://recod.ai/,"Avenida Albert Einstein, 1251, Cidade Universitária, Campinas - SP, CEP 13083-852",Campinas,SP,-22.8137,-47.0637,endereco,"O laboratório desenvolve métodos de detecção de conteúdo sintético e de verificação de integridade de mídias, tema relevante para a curadoria e a validação de acervos digitais e de dados divulgados.","Laboratório de inteligência artificial fundado em 2009 com mais de 240 colaboradores do Brasil e do exterior. Pesquisa saúde e bem-estar, detecção de deepfakes e realidades sintéticas, aprendizado de máquina aplicado a energia e arquiteturas cognitivas. É NVIDIA AI Joint Lab e opera cluster de computação dedicado à pesquisa universitária.",parcial,2026-09-17,"O laboratório não publica e-mail nem telefone próprios. Registrados os contatos da diretoria do Instituto de Computação, unidade de vinculação.",https://recod.ai/; https://ic.unicamp.br/sobre/contato/; https://jornal.unicamp.br/noticias/2025/11/19/unicamp-inaugura-supercomputador-para-pesquisa-em-inteligencia-artificial/
ufabc-cmcc,sim,"Centro de Matemática, Computação e Cognição",CMCC,centro,Universidade Federal do ABC,UFABC,universidade federal,Órgão executivo setorial da UFABC,ciencia_de_dados,,Marcelo Salvador Caetano,Diretor,direcao.cmcc@ufabc.edu.br,+55 11 4996-7956,https://cmcc.ufabc.edu.br/,"Avenida dos Estados, 5001, Bloco A, Torre 2, 6º andar, Sala 604-2, Bangu, Santo André - SP, CEP 09280-560",Santo André,SP,-23.644,-46.5283,endereco,"O centro mantém bacharelado em Ciência de Dados e pós-graduação em Ciência da Computação e Matemática, sendo fonte de referência sobre formação e produção acadêmica na área.","Órgão executivo setorial da UFABC criado em 2006, responsável por licenciatura em Matemática e bacharelados em Ciência da Computação, Ciência de Dados, Matemática e Neurociência. Participa dos programas de pós-graduação em Ciência da Computação, Engenharia da Informação, Matemática, Neurociência e Cognição e do PROFMAT. Reúne laboratórios de pesquisa em computação e matemática aplicada.",verificado,2026-09-17,"Vice-diretor: Alexei Magalhães Veneziani. O centro tem também sede no campus São Bernardo do Campo (Bloco Delta, 2º andar, Sala 254).",https://cmcc.ufabc.edu.br/; https://cmcc.ufabc.edu.br/o-cmcc/quem-somos; https://cmcc.ufabc.edu.br/contato-e-localizacao; https://cmcc.ufabc.edu.br/o-cmcc/direcao
usp-cemeai,sim,Centro de Ciências Matemáticas Aplicadas à Indústria,CeMEAI,centro,Universidade de São Paulo,USP,universidade estadual,"Instituto de Ciências Matemáticas e de Computação (ICMC), campus de São Carlos",ciencia_de_dados,divulgacao_cientifica,Francisco Louzada Neto,Diretor,contatocemeai@icmc.usp.br,+55 16 3373-8159,https://cemeai.icmc.usp.br/,"Avenida Trabalhador São Carlense, 400, Centro, São Carlos - SP, CEP 13566-590",São Carlos,SP,-22.0071,-47.8967,endereco,"O centro tem eixo próprio de educação e difusão do conhecimento e mantém laboratórios de analytics e estatística, com experiência em transferência de métodos quantitativos que pode apoiar a produção de indicadores e painéis.","Centro de Pesquisa, Inovação e Difusão (CEPID) da FAPESP e Núcleo de Apoio à Pesquisa da USP. Atua em três frentes: transferência de tecnologia, pesquisa e educação e difusão do conhecimento. Suas áreas são otimização e pesquisa operacional, ciência de dados e mecânica dos fluidos computacional, com laboratórios de analytics, matemática aplicada, otimização e estatística.",verificado,2026-09-17,"Instituições associadas: UNESP, IAE, IME e UFSCar. Vice-diretores: José Alberto Cuminato (NAP) e José Mario Martínez (CEPID).",https://cemeai.icmc.usp.br/; https://cemeai.icmc.usp.br/coordenadores/
usp-cea,sim,Centro de Estatística Aplicada,CEA,centro,Universidade de São Paulo,USP,universidade estadual,"Departamento de Estatística, Instituto de Matemática e Estatística (IME)",ciencia_de_dados,politicas_publicas,,,,,https://www.ime.usp.br/cea/,"Rua do Matão, 1010, Cidade Universitária, Butantã, São Paulo - SP, CEP 05508-090",São Paulo,SP,-23.5586,-46.7325,endereco,"O centro presta assessoria estatística a órgãos da universidade e a instituições públicas, modelo de serviço interno de apoio metodológico comparável ao que a CGINA pode oferecer à CAPES.","Centro fundado em 1974 no qual docentes do Departamento de Estatística do IME-USP prestam consultoria e assessoria em estatística aplicada a órgãos da universidade, a outras instituições públicas e privadas e a pessoas físicas. Atende por meio de consultas pontuais e de projetos de assessoria estatística de pequeno porte.",parcial,2026-09-17,"A página oficial não publica coordenador, e-mail nem telefone. Endereço registrado é o do Instituto de Matemática e Estatística.",https://www.ime.usp.br/cea/
usp-c4ai,sim,Centro de Inteligência Artificial,C4AI,centro,Universidade de São Paulo,USP,universidade estadual,"InovaUSP, com segunda unidade no Instituto de Ciências Matemáticas e de Computação (ICMC) em São Carlos",ciencia_de_dados,politicas_publicas; divulgacao_cientifica,Fabio Gagliardi Cozman,Diretor,c4ai@usp.br,+55 11 2648-1695,https://c4ai.inova.usp.br/,"InovaUSP, Avenida Professor Lúcio Martins Rodrigues, 370, Butantã, São Paulo - SP",São Paulo,SP,-23.5595,-46.7276,campus,"O centro mantém linha de pesquisa sobre políticas de inteligência artificial em economias emergentes e processamento de linguagem natural em português, temas aplicáveis à análise de acervos documentais e de dados da pós-graduação.","Centro de pesquisa em inteligência artificial financiado por FAPESP, IBM e USP, com mais de 60 pesquisadores de 14 unidades de ensino e pesquisa da USP. Trabalha cinco desafios iniciais: produção de alimentos, ecossistemas marinhos (Amazônia Azul), diagnóstico e tratamento de acidente vascular cerebral, política de inteligência artificial em economias emergentes e processamento de linguagem natural para o português.",parcial,2026-09-17,O site oficial retornou HTTP 503 nas tentativas de acesso direto. Dados confirmados por matéria institucional do Jornal da USP e pela página do InovaUSP. Vice-diretor indicado em fontes institucionais: Claudio Pinhanez (IBM Research Brasil).,https://c4ai.inova.usp.br/; https://jornal.usp.br/institucional/usp-da-inicio-as-atividades-do-mais-moderno-centro-de-inteligencia-artificial-do-brasil/; https://inova.usp.br/iniciativas/c4ai/
ufpr-c3sl,sim,Centro de Computação Científica e Software Livre,C3SL,centro,Universidade Federal do Paraná,UFPR,universidade federal,"Departamento de Informática (DInf), Setor de Ciências Exatas",ciencia_de_dados,politicas_publicas; divulgacao_cientifica,Marcos Alexandre Castilho,Coordenador,contato@c3sl.ufpr.br,+55 41 3361-3567,https://www.c3sl.ufpr.br/,"Campus Centro Politécnico, Departamento de Informática, Bloco da Informática, Rua Coronel Francisco Heráclito dos Santos, 100, Jardim das Américas, Curitiba - PR, CEP 81530-000",Curitiba,PR,-25.4506,-49.2331,campus,"O centro desenvolve e mantém plataformas de dados educacionais para ministérios e órgãos federais, incluindo o Laboratório de Dados Educacionais, o que o torna referência direta em catalogação de dados públicos e painéis gerenciais.","Grupo de pesquisa com mais de 100 pesquisadores que desenvolve soluções computacionais em código aberto há mais de 20 anos. Atua em processamento de dados, inteligência artificial, cibersegurança, desenvolvimento de software, robótica e consultoria em transformação digital. Mantém parcerias com ministérios e órgãos federais em projetos de educação e saúde, e oferece infraestrutura de computação de alto desempenho a projetos de pesquisa da UFPR.",verificado,2026-09-17,,https://www.c3sl.ufpr.br/; https://www.c3sl.ufpr.br/c3sl/; https://ufpr.br/centro-de-computacaooferece-apoio-tecnico-a-projetos-de-pesquisa-da-ufpr/; https://exatas.ufpr.br/blog/faq/centro-de-computacao-cientifica-e-software-livre-c3sl-2/
ufpr-lde,sim,Laboratório de Dados Educacionais,LDE,laboratório,Universidade Federal do Paraná,UFPR,universidade federal,"Núcleo de Políticas Educacionais (NuPE), Setor de Educação, e Centro de Computação Científica e Software Livre (C3SL), Setor de Ciências Exatas",ciencia_de_dados,divulgacao_cientifica; politicas_publicas,Thiago Alves,Coordenador,dadoseducacionais@ufpr.br,+55 41 3535-6264,https://dadoseducacionais.c3sl.ufpr.br/,"Campus Centro Politécnico, Departamento de Informática, Rua Coronel Francisco Heráclito dos Santos, 100, Jardim das Américas, Curitiba - PR, CEP 81530-000",Curitiba,PR,-25.4506,-49.2331,campus,"O laboratório produz e publica indicadores educacionais por estado, município e escola a partir de bases oficiais, e é a referência nacional mais próxima do que a CGINA pretende fazer com dados da pós-graduação e divulgação de estudos.","Laboratório mantido em conjunto pela UFPR e pela UFG que reúne dados e indicadores da educação básica e superior, detalhados por estados, municípios e escolas. A plataforma foi desenvolvida pelo Núcleo de Políticas Educacionais do Setor de Educação e pelo C3SL do Setor de Ciências Exatas da UFPR, e está disponível na internet desde setembro de 2016. Mantém também o Simulador de Custo-Aluno-Qualidade (SimCAQ).",parcial,2026-09-17,"Laboratório interinstitucional UFPR e UFG. Coordenação colegiada: Adriana Dragone Silveira, Gabriela Schneider e Thiago Alves (Setor de Educação) e Marcos Didonet Del Fabro (Setor de Exatas). Thiago Alves é docente da UFG. A página de contato não publica e-mail nem telefone institucional. | Também levantado em politicas_publicas_p4_sul.json",https://dadoseducacionais.c3sl.ufpr.br/; https://dadoseducacionais.c3sl.ufpr.br/contato; https://www.ufpr.br/portalufpr/noticias/ufpr-mantem-plataforma-de-dados-on-line-para-pesquisas-sobre-educacao/; https://ppgadm.face.ufg.br/p/33794-lp2-thiago-alves
utfpr-lamia,sim,Laboratório de Aprendizado de Máquina Aplicado à Indústria,LAMIA,laboratório,Universidade Tecnológica Federal do Paraná,UTFPR,universidade federal,Campus Santa Helena,ciencia_de_dados,,Thiago França Naves,Coordenador geral,lamia-sh@utfpr.edu.br,,https://www.lamia-edu.com/,"UTFPR Campus Santa Helena, Bloco L, Santa Helena - PR, CEP 85892-000",Santa Helena,PR,-24.8583,-54.3333,campus,"O laboratório é unidade EMBRAPII com carteira ativa de projetos de ciência de dados, caso de referência sobre articulação entre pesquisa universitária e demanda externa por análise de dados.","Laboratório da UTFPR que desenvolve pesquisa e produtos de inteligência artificial em parceria com empresas e entidades públicas. Atua em três áreas: ciência de dados, aprendizado de máquina e tecnologias imersivas, com trabalho em visão computacional e processamento de linguagem natural. Reúne cerca de 250 membros entre estudantes e profissionais e mantém projetos de pesquisa e desenvolvimento em execução.",parcial,2026-09-17,"O telefone publicado na página oficial é número de celular e não foi registrado, conforme a regra de contato institucional.",https://www.lamia-edu.com/; https://www.utfpr.edu.br/noticias/santa-helena/laboratorio-do-campus-santa-helena-desenvolveu-tecnologias-que-ja-impactaram-mais-de-20-milhoes-de-brasileiros
ufpel-datalab-ml,sim,"Datalab/ML, Laboratório de Aprendizado de Máquina, Inteligência Artificial e Ciência de Dados",Datalab/ML,laboratório,Universidade Federal de Pelotas,UFPel,universidade federal,"Centro de Desenvolvimento Tecnológico, Grupo de Pesquisa em Ciência de Dados",ciencia_de_dados,divulgacao_cientifica,,,,,https://wp.ufpel.edu.br/datalab/,"Centro de Desenvolvimento Tecnológico, Rua Gomes Carneiro, 1, Centro, Pelotas - RS, CEP 96010-610",Pelotas,RS,-31.7712,-52.3424,campus,"O laboratório faz formação e orientação em ciência de dados dentro e fora da universidade, experiência aplicável a ações de capacitação em análise de dados institucionais.","Laboratório de aprendizado de máquina, inteligência artificial e ciência de dados vinculado ao Grupo de Pesquisa em Ciência de Dados da UFPel. Realiza pesquisa, formação e orientação nessas áreas, tanto na academia quanto em projetos com o setor produtivo.",parcial,2026-09-17,"A página oficial não publica coordenador, e-mail, telefone nem endereço detalhado. Endereço registrado é o da unidade de vinculação.",https://wp.ufpel.edu.br/datalab/
ufrgs-inf,sim,Instituto de Informática,INF,instituto,Universidade Federal do Rio Grande do Sul,UFRGS,universidade federal,"Unidade acadêmica da UFRGS, campus do Vale",ciencia_de_dados,divulgacao_cientifica,Carla Maria Dal Sasso Freitas,Diretora,informat@inf.ufrgs.br,+55 51 3308-7019,https://www.inf.ufrgs.br/site/,"Avenida Bento Gonçalves, 9500, Caixa Postal 15064, Campus do Vale, Porto Alegre - RS, CEP 91501-970",Porto Alegre,RS,-30.0722,-51.12,campus,"O instituto concentra grupos de pesquisa em visualização de dados, bancos de dados e aprendizado de máquina, competência aplicável à construção de painéis e à análise de grandes bases institucionais.","Unidade acadêmica da UFRGS com graduações em Ciência da Computação e Engenharia de Computação e programas de pós-graduação em computação e microeletrônica. Mantém grupos de pesquisa em bancos de dados, visualização de dados, aprendizado de máquina e processamento paralelo. Abriga o Centro de Empreendimentos em Informática.",parcial,2026-09-17,"Vice-diretor: Luciano Paschoal Gaspary. A lista-semente pedia grupos de ciência de dados do instituto; foi registrada a unidade-mãe, por não haver centro específico de ciência de dados com página institucional própria.",https://www.inf.ufrgs.br/site/; https://www.inf.ufrgs.br/site/en/contact/; https://www.inf.ufrgs.br/site/en/institutional/organization/
ufsc-liaa,sim,Laboratório de Inteligência Artificial e Algoritmos,LIAA,laboratório,Universidade Federal de Santa Catarina,UFSC,universidade federal,"Departamento de Informática e Estatística (INE), Centro Tecnológico",ciencia_de_dados,divulgacao_cientifica,,,liaa.ine@contato.ufsc.br,+55 48 3721-4710,https://giaa.ufsc.br/,"Centro Tecnológico, Departamento de Informática e Estatística, Campus Universitário Trindade, Salas 501 e 502, Florianópolis - SC, CEP 88040-900",Florianópolis,SC,-27.6008,-48.518,endereco,"O laboratório trabalha otimização combinatória e aprendizado aplicado a problemas de alocação, métodos úteis em modelos de distribuição de recursos e bolsas.","Laboratório do Grupo de Inteligência Artificial e Algoritmos do Departamento de Informática e Estatística da UFSC. Pesquisa processamento de imagens, visão computacional, reconhecimento de padrões, algoritmos, otimização combinatória e sistemas multiagentes. Reúne oito professores pesquisadores e mantém atividades de extensão, entre elas competições de programação.",parcial,2026-09-17,"A página oficial não indica coordenador. O INE mantém também o Laboratório de Estatística Aplicada (LEA, sala 503) e o Laboratório de Sistemas de Conhecimento (LSC, sala 524).",https://giaa.ufsc.br/; https://giaa.ufsc.br/professores/; https://ine.ufsc.br/laboratorios/
unb-unb-ciencia,sim,UnB Ciência,,coordenadoria,Universidade de Brasília,UnB,universidade federal,Secretaria de Comunicação (Secom),divulgacao_cientifica,,,,,,https://unbciencia.unb.br/,"Campus Universitário Darcy Ribeiro, Brasília - DF, CEP 70910-900",Brasília,DF,-15.7639,-47.87,campus,"Portal institucional de jornalismo científico da UnB, com cobertura organizada por áreas do conhecimento. Parceiro direto para ações conjuntas com a comunicação institucional da CAPES no Centro-Oeste.","Portal jornalístico de divulgação científica da UnB, mantido pela Secretaria de Comunicação. Publica matérias sobre pesquisas produzidas na universidade, organizadas em ciências exatas, ciências da vida, humanidades e artes e letras. Inclui destaques de pesquisa e artigos de opinião de pesquisadores, com temas associados aos Objetivos de Desenvolvimento Sustentável.",parcial,2026-09-17,"O portal não publica nome de editor responsável, e-mail ou telefone próprios. Contato deve ser feito pela Secom/UnB.",https://unbciencia.unb.br/; https://unbciencia.unb.br/component/tags/tag/divulgacao-cientifica
ufg-mc-ufg,sim,Museu de Ciências da UFG,MC-UFG,museu,Universidade Federal de Goiás,UFG,universidade federal,Universidade Federal de Goiás,divulgacao_cientifica,,,,museudeciencias@ufg.br,,https://mc.ufg.br/,"Avenida Esperança, s/n, Campus Samambaia, Prédio da Reitoria, Goiânia - GO, CEP 74690-900",Goiânia,GO,-16.6058,-49.265,campus,"Museu universitário que reúne sete núcleos temáticos, incluindo planetário, e coordena laboratórios de pesquisa, extensão e divulgação científica no Centro-Oeste.","Museu universitário da UFG que abriga sete núcleos temáticos, entre eles o planetário e os museus de geociências, de solos, de informática e computação e de ciências morfológicas, além de ateliê tipográfico e espaço de experimentação científica. Coordena laboratórios e órgãos de apoio dedicados à pesquisa, à extensão e à divulgação científica.",parcial,2026-09-17,O nome do diretor e o telefone não constam na página oficial.,https://mc.ufg.br/
ufg-planetario-ufg,sim,Planetário Juan Bernardino Marques Barrio,Planetário UFG,observatório,Universidade Federal de Goiás,UFG,universidade federal,Museu de Ciências da UFG,divulgacao_cientifica,,Rafael Miloni Santucci,Diretor,museudeciencias@ufg.br,(62) 3521-2770,https://planetario.ufg.br/,"Av. Contorno, 900, Parque Mutirama, Setor Central, Goiânia - GO, CEP 74055-140",Goiânia,GO,-16.6733,-49.256,endereco,"Planetário universitário com equipe que inclui profissional com mestrado em comunicação científica, situado no Centro-Oeste. Parceiro para ações conjuntas de popularização da ciência.","Planetário da UFG, integrante do Museu de Ciências da universidade, localizado no Parque Mutirama, em Goiânia. Atua como veículo de divulgação científica e cultural por meio de cursos introdutórios de astronomia para o público geral, oficinas, seminários, sessões de projeção do céu e observação com telescópios.",verificado,2026-09-17,"O e-mail publicado na página do planetário é de domínio Gmail e não foi registrado; consta o e-mail institucional do Museu de Ciências da UFG, ao qual o planetário se vincula. O diretor é professor do Instituto de Estudos Socioambientais (IESA-UFG).",https://planetario.ufg.br/; https://planetario.ufg.br/p/1085-equipe; https://mc.ufg.br/; https://mc.ufg.br/p/planetario-ufg
ufmt-ufmt-ciencia,sim,UFMT Ciência,,coordenadoria,Universidade Federal de Mato Grosso,UFMT,universidade federal,Secretaria de Comunicação e Multimeios (Secomm),divulgacao_cientifica,,,,,(65) 3615-8000,https://ufmt.br/ufmtciencia/,"Av. Fernando Corrêa da Costa, 2367, Boa Esperança, Cuiabá - MT, CEP 78060-900",Cuiabá,MT,-15.61,-56.07,campus,"Portal de jornalismo científico dedicado à produção acadêmica da pós-graduação, articulado em rede com IFMT e Unemat. Interessa diretamente à competência da CGINA de apoiar divulgação científica no âmbito da pós-graduação.","Portal de jornalismo científico da UFMT, lançado em outubro de 2016 e mantido pela Secretaria de Comunicação e Multimeios. Divulga a produção acadêmica dos programas de pós-graduação, projetos de pesquisa e trabalhos de graduação, cobrindo ciência, tecnologia, cultura e saberes populares. Integra a Rede de Divulgação Científica (RDC), em cooperação entre UFMT, IFMT e Unemat, e produz documentários e o programa UFMT.Ciência TV.",parcial,2026-09-17,A página não publica nome de coordenador nem e-mail institucional específico do programa. O telefone registrado é o do câmpus Cuiabá.,https://ufmt.br/ufmtciencia/sobre-o-programa
ufal-mhn-ufal,sim,Museu de História Natural da UFAL,MHN/UFAL,museu,Universidade Federal de Alagoas,UFAL,universidade federal,Pró-Reitoria de Extensão e Cultura (PROEXC),divulgacao_cientifica,,,,,,https://mhn.ufal.br/,"Bairro Prado, Maceió - AL",Maceió,AL,-9.55363,-35.7739,campus,"Museu universitário de ciências naturais com programas de extensão e atendimento majoritário de grupos escolares, útil para ações conjuntas de popularização da ciência no Nordeste.","Criado em 1990 e vinculado à PROEXC, reúne acervo de cerca de 60 mil espécimes em zoologia, botânica, geologia e paleontologia. Mantém salas expositivas permanentes, entre elas Jangadeiros Alagoanos, Geologia e Meteorologia, e a exposição Do Mar ao Sertão. Desenvolve pesquisa, formação de recursos humanos em ciências naturais e programas de extensão, com grupos escolares como principal público.",parcial,2026-09-17,"A página de equipe lista 32 integrantes sem designar diretor ou coordenador. Endereço completo, e-mail e telefone não constam nas páginas oficiais consultadas.",https://mhn.ufal.br/; https://mhn.ufal.br/institucional/o-museu; https://mhn.ufal.br/institucional/equipe
ufal-usina-ciencia,sim,Usina Ciência,,centro,Universidade Federal de Alagoas,UFAL,universidade federal,Pró-Reitoria de Extensão (PROEX),divulgacao_cientifica,,Patrícia Gomes de Siqueira,Coordenadora,patricia.gomes@proex.ufal.br,(82) 3214-1641,https://usinaciencia.ufal.br/,"Av. Aristeu de Andrade, 452, Farol, Maceió - AL, CEP 57051-090",Maceió,AL,-9.6498,-35.722,endereco,"Centro de divulgação científica da UFAL com agendamento regular de visitas escolares, parceiro para ações conjuntas de popularização da ciência em Alagoas.","Centro de divulgação científica da UFAL vinculado à Pró-Reitoria de Extensão, que atua sob o lema ""Ciência ao Alcance de Todos"". Recebe visitas agendadas de escolas e do público geral. Desenvolve atividades de popularização da ciência em espaço próprio no bairro do Farol, em Maceió.",verificado,2026-09-17,"A página de contato publica também e-mail de domínio Gmail, não registrado aqui. O e-mail institucional informado é o da coordenadora, no domínio proex.ufal.br.",https://usinaciencia.ufal.br/; https://usinaciencia.ufal.br/equipe; https://usinaciencia.ufal.br/contato
ufc-seara-da-ciencia,sim,Seara da Ciência,,centro,Universidade Federal do Ceará,UFC,universidade federal,Pró-Reitoria de Cultura,divulgacao_cientifica,,Ilde Guedes,Diretor,seara@ufc.br,(85) 3366-9293,https://seara.ufc.br/,"Rua Abdênago Rocha Lima, s/n, Campus do Pici, Fortaleza - CE, CEP 60455-320",Fortaleza,CE,-3.7447,-38.5745,campus,"Órgão de divulgação científica e tecnológica de referência no Nordeste, com teatro científico, observatório e laboratórios voltados a escolas. Parceiro para ações conjuntas de popularização da ciência.","Criada em 1999, é o órgão de divulgação científica e tecnológica da UFC. Mantém exposições interativas de química, física, matemática e biologia, além de conteúdo sobre a Caatinga. Conta com teatro, observatório astronômico e laboratórios, e realiza apresentações de teatro científico. Funciona com entrada gratuita e atendimento a escolas.",parcial,2026-09-17,O nome do diretor não consta na página oficial atual; foi obtido em fonte secundária e deve ser reconfirmado. E-mail alternativo: secretariaseara@ufc.br.,https://seara.ufc.br/pt/contato/; https://seara.ufc.br/pt/; https://www.ufc.br/cultura-e-arte/equipamentos-culturais/1819-seara-da-ciencia; https://grupomccac.org/guia/brasil/nordeste/ceara/seara-da-ciencia/
ufma-laboratorio-de-divulgacao-cientifica-ilha-da-ciencia,sim,Laboratório de Divulgação Científica Ilha da Ciência,,laboratório,Universidade Federal do Maranhão,UFMA,universidade federal,"Departamento de Física, Centro de Ciências Exatas e Tecnologia (DEFIS/CCET)",divulgacao_cientifica,,,,,(98) 3272-8272,http://www.ilhadaciencia.ufma.br/,"Avenida dos Portugueses, 1966, DEFIS/CCET, Campus Universitário do Bacanga, São Luís - MA",São Luís,MA,-2.559,-44.307,campus,"Laboratório de divulgação científica com planetário móvel e unidade móvel, capaz de levar ações de popularização da ciência a municípios do interior do Maranhão.","Espaço interativo de ciências e ensino de astronomia vinculado ao Departamento de Física da UFMA. Mantém sala de exposição permanente, oficina técnica, sala para planetário, planetário móvel com domo inflável, quatro telescópios profissionais e sala de vídeo. Conta com unidade móvel para ações itinerantes.",parcial,2026-09-17,O site oficial (ilhadaciencia.ufma.br) está com certificado digital expirado e não pôde ser aberto. Dados obtidos de guia especializado de museus e centros de ciências. Nome do coordenador e e-mail institucional não confirmados.,https://grupomccac.org/guia/brasil/nordeste/maranhao/laboratorio-de-divulgacao-cientifica-ilha-da-ciencia/
ufpb-casa-da-ciencia-ufpb,sim,Casa da Ciência UFPB,,centro,Universidade Federal da Paraíba,UFPB,universidade federal,"Departamento de Sistemática e Ecologia, Centro de Ciências Exatas e da Natureza (CCEN), Campus I",divulgacao_cientifica,,,,,,https://visite.museus.gov.br/instituicoes/casa-da-ciencia-ufpb/,"Curva da Sucupira, Departamento de Sistemática e Ecologia, CCEN, Campus I, Cidade Universitária, João Pessoa - PB, CEP 58050-585",João Pessoa,PB,-7.1386,-34.845,campus,"Espaço universitário de alfabetização científica que articula educação formal e não formal, com diálogo direto com escolas da educação básica.","Espaço pedagógico de ensino, pesquisa e extensão em ciências e meio ambiente vinculado ao CCEN da UFPB. Dedica-se à alfabetização científica em contextos de educação formal e não formal. Promove o diálogo entre a universidade e instituições de ensino da região.",parcial,2026-09-17,"Os contatos publicados no cadastro nacional de museus são pessoais (Gmail e celular) e não foram registrados. A UFPB lançou plataforma própria de museus e coleções, vinculada à Proex, cujo endereço não pôde ser resolvido na verificação.",https://visite.museus.gov.br/instituicoes/casa-da-ciencia-ufpb/; https://www.ufpb.br/noticias/ufpb-lanca-plataforma-sobre-os-museus-da-instituicao/
governo-do-estado-de-pernambuco-espaco-ciencia-museu-de-ciencia-e-tecnologia-de-,sim,"Espaço Ciência, Museu de Ciência e Tecnologia de Pernambuco",,museu,Governo do Estado de Pernambuco,,instituição pública de pesquisa não universitária,"Secretaria de Ciência, Tecnologia e Inovação de Pernambuco",divulgacao_cientifica,,Antônio Carlos Pavão,Diretor,,(81) 3183-5531,https://www.espacociencia.pe.gov.br/,"Parque Memorial Arcoverde, Complexo de Salgadinho, Salgadinho, CEP 53020-560",Olinda,PE,-8.0295,-34.8723,endereco,O Espaço Ciência é o principal museu de ciência de um governo estadual no Nordeste e opera programas de popularização da ciência em larga escala. Interessa à CGINA como referência de divulgação científica fora da esfera federal.,"Museu de ciência e tecnologia do governo de Pernambuco, instalado em área de 120 mil metros quadrados no Complexo de Salgadinho, entre Recife e Olinda. Mantém laboratórios e exposições de astronomia, biologia, física, matemática, informática, geografia e pré-história, além de planetário. A entrada é gratuita.",parcial,2026-09-17,O site oficial retornou apenas o título da página e a página da secretaria estadual recusou conexão; dados de endereço e telefone confirmados no cadastro oficial Visite Museus do Ibram. O nome do diretor foi obtido em resultado de busca sobre a página da secretaria estadual e não pôde ser confirmado em página oficial ativa. O e-mail publicado no cadastro está em domínio gmail e por isso não foi registrado.,https://www.espacociencia.pe.gov.br/; https://visite.museus.gov.br/instituicoes/museu-espaco-ciencia/; http://www.portais.pe.gov.br/web/sectec/espaco-ciencia
ufrn-mcc,sim,Museu Câmara Cascudo,MCC,museu,Universidade Federal do Rio Grande do Norte,UFRN,universidade federal,Órgão suplementar da UFRN,divulgacao_cientifica,,Olavo Fontes Magalhães Bessa,Diretor,comunica@mcc.ufrn.br,(84) 3342-2289,https://mcc.ufrn.br/,"Avenida Hermes da Fonseca, 1398, Tirol, Natal - RN, CEP 59020-650",Natal,RN,-5.7945,-35.2064,endereco,Museu universitário de ciências naturais e antropológicas com assessoria de comunicação própria e educação museal estruturada. Parceiro para ações conjuntas de divulgação científica no Nordeste.,"Órgão suplementar da UFRN dedicado à preservação, conservação e divulgação das ciências naturais e antropológicas, com finalidade de ensino, pesquisa e extensão. Mantém acervo de cerca de 162 mil peças em paleontologia, arqueologia pré-colonial, etnologia, documentação histórica e arte contemporânea. Oferece visitas guiadas, materiais educativos, conteúdo digital e exposições rotativas, com entrada gratuita.",verificado,2026-09-17,"A organização do museu foi aprovada pela Resolução nº 009/2025-CONSUNI, de 18 de julho de 2025. Busca indicou também Aline Ghilardi como diretora, sem confirmação na página de equipe.",https://mcc.ufrn.br/; https://mcc.ufrn.br/institucional/equipe; https://acervus.ufrn.br/acervus-publico/museu-camara-cascudo/contato
ufs-max,sim,Museu de Arqueologia de Xingó,MAX,museu,Universidade Federal de Sergipe,UFS,universidade federal,Universidade Federal de Sergipe,divulgacao_cientifica,,,,,,https://max.ufs.br/,Canindé de São Francisco - SE,Canindé de São Francisco,SE,-9.6356,-37.77327,endereco,"Museu universitário que articula pesquisa arqueológica, formação de bolsistas de pós-graduação e divulgação, com exposições itinerantes que alcançam municípios do Baixo São Francisco.","Museu universitário da UFS dedicado à preservação e à divulgação do patrimônio arqueológico do Baixo São Francisco. Mantém unidade de exposições que apresenta ao público os resultados das pesquisas arqueológicas, laboratórios de pesquisa e um sítio-escola para formação prática. Realiza exposições itinerantes, seminários temáticos e programas de bolsas para estudantes de arqueologia e museologia.",parcial,2026-09-17,"A página oficial publica apenas e-mail de domínio Gmail, não registrado aqui. Nome do diretor, telefone e endereço completo não constam no site.",https://max.ufs.br/
inpa-bosque-da-ciencia,sim,Bosque da Ciência,,museu,Instituto Nacional de Pesquisas da Amazônia,INPA,instituição pública de pesquisa não universitária,,divulgacao_cientifica,,,,bosque@inpa.gov.br,(92) 3643-3192,https://bosque.inpa.gov.br/,"Rua Bem-te-vi, s/n, Petrópolis, CEP 69060-001",Manaus,AM,-3.0975,-59.9871,endereco,O Bosque da Ciência é o principal equipamento de divulgação científica do INPA e recebe público escolar e geral em Manaus. Interessa à CGINA como referência de popularização da ciência na região Norte.,"Espaço de divulgação científica, educação e lazer do INPA, inaugurado em 1º de abril de 1995. Ocupa área de floresta anexa à sede do instituto, com animais da fauna amazônica de vida livre e atrativos abertos à visitação. Funciona de terça-feira a domingo e recebe visitas escolares agendadas.",parcial,2026-09-17,"A página oficial não identifica coordenador ou responsável pelo espaço, e o e-mail aparece protegido contra coleta automatizada; o endereço bosque@inpa.gov.br foi obtido em resultado de busca. Outros telefones publicados: (92) 3643-3312 e (92) 3643-3293.",https://bosque.inpa.gov.br/; https://bosque.inpa.gov.br/index.php/acesso; https://www.gov.br/inpa/pt-br/sites/bosque-da-ciencia
ufam-museu-amazonico,sim,Museu Amazônico,,museu,Universidade Federal do Amazonas,UFAM,universidade federal,Órgão suplementar da UFAM,divulgacao_cientifica,,Rodrigo Oliveira Braga Reis,Diretor,museuamazonico@ufam.edu.br,(92) 3305-1181,https://www.museuamazonico.ufam.edu.br/,"Rua Ramos Ferreira, 1036, Centro, Manaus - AM, CEP 69010-120",Manaus,AM,-3.133,-60.02,endereco,Museu universitário que oferece curso de divulgação científica e atua na popularização do conhecimento sobre o patrimônio amazônico. Parceiro para formação e ações conjuntas na região Norte.,"Órgão suplementar da UFAM voltado à preservação, à pesquisa e à divulgação do patrimônio amazônico nas áreas de antropologia, arqueologia e história. Promove atividades de popularização do conhecimento científico para públicos não especializados. Ofertou curso online de divulgação científica de 40 horas sobre fundamentos e estratégias de popularização da ciência.",verificado,2026-09-17,,https://www.museuamazonico.ufam.edu.br/contato.html; https://visite.museus.gov.br/instituicoes/museu-amazonico-universidade-federal-do-amazonas/; https://ufam.edu.br/noticias-destaque/1373-museu-amazonico-oferta-curso-online-de-divulgacao-cientifica-inscricoes-abertas.html
mcti-mpeg,sim,Museu Paraense Emílio Goeldi,MPEG,museu,"Ministério da Ciência, Tecnologia e Inovação",MCTI,instituição pública de pesquisa não universitária,,divulgacao_cientifica,ciencia_de_dados,Nilson Gabas Junior,Diretor,contato@museu-goeldi.br,(91) 3249-1302,https://www.gov.br/museugoeldi/pt-br,"Avenida Governador Magalhães Barata, 376, São Brás, CEP 66040-170",Belém,PA,-1.4553,-48.4749,endereco,"O Museu Goeldi articula pesquisa, pós-graduação, difusão científica e gestão de coleções e acervos digitais sobre a Amazônia. Interessa à CGINA como instituição de pesquisa não universitária com programas do Sistema Nacional de Pós-Graduação e política estruturada de difusão científica.","Instituição de pesquisa do MCTI fundada em 1866, dedicada ao estudo científico dos sistemas naturais e socioculturais da Amazônia. Atua em pesquisa científica, formação e capacitação, difusão científica e inovação. Mantém parque zoobotânico aberto à visitação, campus de pesquisa, biblioteca, arquivo e coleções especializadas.",parcial,2026-09-17,"As páginas 'Quem é quem' e de contatos do domínio gov.br retornaram erro 404 e o domínio museu-goeldi.br não respondeu; o nome do diretor foi confirmado na página inicial oficial e o endereço e telefone em cadastro oficial do Ibram. A estrutura inclui a Coordenação de Comunicação e Extensão (COCEX) e a Coordenação de Museologia (COMUS), sem nomes publicados.",https://www.gov.br/museugoeldi/pt-br; https://www.gov.br/museugoeldi/pt-br/composicao; https://visite.museus.gov.br/instituicoes/museu-paraense-emilio-goeldi/
ufpa-cicta,sim,Centro Interativo de Ciência e Tecnologia da Amazônia,CICTA,centro,Universidade Federal do Pará,UFPA,universidade federal,"Universidade Federal do Pará, Campus Universitário do Guamá",divulgacao_cientifica,,Luís Carlos Bassalo Crispino,Coordenador,cicta@ufpa.br,(91) 3201-7889,https://ufpa.br/orgaos/centro-interativo-de-ciencia-e-tecnologia-da-amazonia/,"Rua Augusto Corrêa, 01, Campus Universitário do Guamá, Setor Básico, Prédio do CICTA, Guamá, Belém - PA, CEP 66075-110",Belém,PA,-1.4744,-48.4525,campus,"Principal centro universitário de popularização da ciência da Amazônia, com atendimento estruturado a escolas públicas. Parceiro estratégico para ações conjuntas na região Norte.","Ambiente de educação não formal destinado à difusão e à popularização da ciência e da tecnologia na Amazônia, com sede inaugurada em 2022. Integra o Laboratório de Demonstrações (LABDEMON), com mais de 100 equipamentos interativos, o Núcleo de Astronomia (NASTRO) e o Museu Interativo da Física (MINF). Recebe até 200 estudantes de escolas públicas por vez em atividades com experimentos e observações astronômicas.",verificado,2026-09-17,Jorge Castiñeiras Rodríguez consta como coordenador adjunto.,https://ufpa.br/orgaos/centro-interativo-de-ciencia-e-tecnologia-da-amazonia/; https://portal.ufpa.br/index.php/ultimas-noticias2/13710-ufpa-inaugura-centro-interativo-de-ciencia-e-tecnologia-da-amazonia-cicta
ufpa-iemci,sim,Instituto de Educação Matemática e Científica,IEMCI,instituto,Universidade Federal do Pará,UFPA,universidade federal,"Universidade Federal do Pará, Campus Universitário do Guamá",divulgacao_cientifica,politicas_publicas,Isabel Cristina Rodrigues de Lucena,Diretora Geral,iemci@ufpa.br,(91) 3201-7487,https://www.iemci.ufpa.br/,"Rua Augusto Corrêa, 01, Campus Universitário do Guamá, Setor Básico, Guamá, Belém - PA, CEP 66075-110",Belém,PA,-1.4744,-48.4525,campus,"Instituto com dois programas de pós-graduação em educação em ciências e matemáticas e com o Clube de Ciências da UFPA. Une pós-graduação, formação de professores e divulgação científica, as três frentes de competência da CGINA.","Instituto da UFPA, originado do Núcleo de Pesquisa e Desenvolvimento da Educação Matemática e Científica, que desenvolve ensino, pesquisa e formação integrando biologia, física, química, matemática e pedagogia. Mantém o Programa de Pós-Graduação em Educação em Ciências e Matemáticas (PPGECM) e o Programa de Pós-Graduação em Docência em Educação em Ciências e Matemáticas. Abriga o Clube de Ciências da UFPA (CCIUFPA).",parcial,2026-09-17,A página do IEMCI indica Isabel Cristina Rodrigues de Lucena como diretora geral e Eduardo Paiva de Pontes Vieira como diretor adjunto; a página institucional da UFPA registra Eduardo Pontes Vieira como diretor. A divergência deve ser confirmada. Coordenação do PPGECM: Lilian Cristina Barata Pereira (lilian@ufpa.br).,https://www.iemci.ufpa.br/index.php/cciufpa/57-sobre-o-iemci/77-diretoria-do-iemci; https://ufpa.br/orgaos/instituto-de-educacao-matematica-e-cientifica/; https://ppgecm.propesp.ufpa.br/index.php/br/
uepa-ccpp,sim,Centro de Ciências e Planetário do Pará,CCPP,centro,Universidade do Estado do Pará,UEPA,universidade estadual,Universidade do Estado do Pará,divulgacao_cientifica,,,,,(91) 3232-1055,http://paginas.uepa.br/planetario/,"Rodovia Augusto Montenegro, Km 03, Belém - PA",Belém,PA,-1.38,-48.45,cidade,"Centro de ciências com planetário vinculado a universidade estadual da região Norte, com atendimento a escolas e atividades experimentais. Amplia a cobertura regional de parceiros em divulgação científica.","Centro de ciências da UEPA que oferece experimentos de química e física, jogos matemáticos e observações em microscópios, além de sessões astronômicas em planetário. Conta com biblioteca, infocentro, parque de física interativa e casa de vegetação. Atende escolas e público geral em Belém.",parcial,2026-09-17,O site oficial (paginas.uepa.br/planetario) não respondeu à conexão na verificação. Dados obtidos de guia especializado de museus e centros de ciências. Nome do coordenador e e-mail institucional não confirmados.,https://grupomccac.org/guia/brasil/norte/para/centro-de-ciencias-e-planetario-do-para/
ufes-planetario-de-vitoria,sim,Planetário de Vitória,,observatório,Universidade Federal do Espírito Santo,UFES,universidade federal,"Centro de Ciências Exatas (CCE), em parceria com a Secretaria Municipal de Educação de Vitória",divulgacao_cientifica,,,,,(27) 3227-2531,https://planetariodevitoria.ufes.br/,"Av. Fernando Ferrari, 514, Goiabeiras, Campus Ufes, CCE, Vitória - ES, CEP 29075-910",Vitória,ES,-20.2767,-40.3044,campus,"Planetário universitário com programa estruturado de formação continuada de professores da educação básica e de mediadores de divulgação científica, área de competência direta da CGINA.","Inaugurado em 23 de junho de 1995, é vinculado ao Centro de Ciências Exatas da UFES em parceria com a Secretaria Municipal de Educação de Vitória. Realiza sessões de planetário, oficinas, minicursos e exposições. Promove cursos de formação continuada para professores da educação básica e elabora produtos e metodologias para o ensino e a divulgação da astronomia e das ciências.",parcial,2026-09-17,"A página de equipe publica fotos sem nomes ou cargos. O e-mail publicado é de domínio da prefeitura de Vitória (edu.vitoria.es.gov.br), decorrente da parceria, e não foi registrado como contato institucional da universidade.",https://planetariodevitoria.ufes.br/; https://planetariodevitoria.ufes.br/objetivos/; https://planetariodevitoria.ufes.br/contato/; https://divulgacaodaciencia.ufes.br/planetario-de-vitoria
ufjf-centro-de-ciencias-da-ufjf,sim,Centro de Ciências da UFJF,,centro,Universidade Federal de Juiz de Fora,UFJF,universidade federal,Pró-Reitoria de Extensão (Proex),divulgacao_cientifica,,Marco Antônio Escher,Diretor,centrodeciencias@ufjf.br,(32) 2102-6913,https://www2.ufjf.br/centrodeciencias/,"Campus Universitário da UFJF, São Pedro, Juiz de Fora - MG, CEP 36036-900",Juiz de Fora,MG,-21.7767,-43.37,campus,"Equipamento de extensão descrito pela própria universidade como referência nacional em divulgação da ciência, com jornadas próprias de divulgação científica e laboratórios de educação em ciências e matemática.","Centro de divulgação científica da UFJF que oferece manipulação interativa de objetos científicos por estudantes e público geral. Realiza Jornadas de Divulgação Científica e participa da Semana Nacional de Ciência e Tecnologia. Mantém laboratórios multidisciplinares, entre eles o Laboratório de Ciências e Educação Matemática (Lacem), e inclui planetário próprio.",verificado,2026-09-17,A notícia institucional que confirma a direção é de 16/11/2021. O planetário da UFJF tem registro próprio no cadastro nacional de museus.,https://www2.ufjf.br/centrodeciencias/contato/; https://www2.ufjf.br/proex/2021/11/16/centro-de-ciencias-esta-sob-nova-direcao/; https://www2.ufjf.br/cartadeservicos2/centro-de-ciencias/
ufmg-ddc,sim,Diretoria de Divulgação Científica da UFMG,DDC,coordenadoria,Universidade Federal de Minas Gerais,UFMG,universidade federal,Pró-Reitoria de Extensão (Proex),divulgacao_cientifica,politicas_publicas,André Luiz Freitas Dias,Diretor,ddc-secretaria@proex.ufmg.br,(31) 3409-4427,https://www.ufmg.br/proex/diretorias/divulgacao-cientifica/,"Av. Antônio Carlos, 6627, Pampulha, Belo Horizonte - MG, CEP 31270-901",Belo Horizonte,MG,-19.8701,-43.9664,campus,"Única diretoria de divulgação científica estruturada em universidade federal identificada nesta frente, responsável por política institucional própria e por formação transversal na área. Modelo de referência e parceiro para indicadores e ações conjuntas.","Criada em 2010, coordena a Política Institucional de Divulgação Científica da UFMG, mapeia ações e representa a universidade em redes nacionais e internacionais. Coordena formação transversal em divulgação científica e apoia a Rede de Divulgação Científica da UFMG. Gere programas como UFMG Jovem, Jornada de Extensão e Domingo no Campus, além do Centro Virtual de Memória da Extensão e do Observatório Astronômico da Serra da Piedade.",verificado,2026-09-17,"André Dias assumiu em 12 de maio de 2025, substituindo Débora D'Avila Reis.",https://www.ufmg.br/proex/diretorias/divulgacao-cientifica/; https://www.ufmg.br/proex/noticia/professor-andre-dias-assume-a-diretoria-de-divulgacao-cientifica/; https://www.ufmg.br/proex/conheca-a-politica-de-divulgacao-cientifica-da-ufmg/
ufmg-espaco-do-conhecimento-ufmg,sim,Espaço do Conhecimento UFMG,,museu,Universidade Federal de Minas Gerais,UFMG,universidade federal,Pró-Reitoria de Cultura (Procult),divulgacao_cientifica,,,,secretaria@espacoconhecimento.ufmg.br,(31) 3409-8350,https://www.ufmg.br/espacodoconhecimento/,"Praça da Liberdade, 700, Funcionários, Belo Horizonte - MG, CEP 30140-010",Belo Horizonte,MG,-19.9319,-43.9378,endereco,"Museu de ciências com planetário e programação educativa para escolas, integrado à política institucional de divulgação científica da UFMG. Parceiro para ações conjuntas de popularização da ciência.","Inaugurado em 2010 como resultado de parceria entre o governo de Minas Gerais e a UFMG, reúne cultura, ciência e arte no Circuito Liberdade. Mantém planetário com cinema imersivo, terraço astronômico com teto retrátil, fachada digital para projeções e exposições temporárias. Oferece oficinas, debates, visitas mediadas e programação educativa para escolas e instituições.",parcial,2026-09-17,O nome do diretor não consta nas páginas oficiais consultadas. Os canais de imprensa e agendamento publicados são de domínio Gmail e não foram registrados.,https://www.ufmg.br/espacodoconhecimento/; https://www.ufmg.br/procult/espacos-de-cultura/espaco-do-conhecimento-ufmg/; https://www.ufmg.br/espacodoconhecimento/contato-e-imprensa/
abcmc-abcmc,sim,Associação Brasileira de Centros e Museus de Ciência,ABCMC,rede,Associação Brasileira de Centros e Museus de Ciência,ABCMC,sociedade científica,,divulgacao_cientifica,,Andréa Fernandes Costa,Presidenta,,,https://abcmc.org.br/,,Rio de Janeiro,RJ,-22.91101,-43.20937,cidade,A ABCMC articula os centros e museus de ciência brasileiros e mantém levantamentos sobre o setor. O cadastro nacional de espaços científicos é insumo para o mapeamento de atores de divulgação científica da CGINA.,Associação fundada em 15 de julho de 1999 que reúne instituições dedicadas à popularização da ciência no Brasil. Promove intercâmbio de experiências e recursos entre centros e museus de ciência e realiza encontros nacionais do setor. Mantém listagem das instituições associadas.,parcial,2026-09-17,"Natureza de associação científica, não de instituição pública de pesquisa. O único contato publicado está em domínio gmail e por isso não foi registrado. A sede é referida como o Museu da Vida Fiocruz em fonte secundária, sem endereço confirmado em página oficial. A diretoria listada corresponde à gestão 2023-2025.",https://abcmc.org.br/a-abcmc/diretoria/; https://abcmc.org.br/a-abcmc/quem-somos/; https://abcmc.org.br/fale-conosco/
fiocruz-inct-cpct,sim,Instituto Nacional de Ciência e Tecnologia em Comunicação Pública da Ciência e Tecnologia,INCT-CPCT,rede,Fundação Oswaldo Cruz,Fiocruz,instituição pública de pesquisa não universitária,Casa de Oswaldo Cruz (COC),divulgacao_cientifica,politicas_publicas,Luisa Medeiros Massarani,Coordenadora,luisa.massarani@fiocruz.br,,https://inct-cpct.fiocruz.br/,"Av. Brasil, 4365, Manguinhos, CEP 21040-900",Rio de Janeiro,RJ,-22.876,-43.2445,campus,O INCT-CPCT produz pesquisa e indicadores sobre percepção pública da ciência e sobre divulgação científica no Brasil. Os dados e metodologias da rede podem subsidiar as ações de popularização da ciência baseadas em evidências da CGINA.,"Instituto Nacional de Ciência e Tecnologia que investiga, desenvolve e testa metodologias, instrumentos e ações de divulgação científica. Aprovado em 2016, iniciou atividades em 2017 e reúne 25 instituições de todas as regiões do Brasil e do exterior. É financiado por CNPq, Capes, fundações estaduais de amparo à pesquisa e MCTI.",verificado,2026-09-17,"Vice-coordenador: Ildeu de Castro Moreira (UFRJ). A página oficial publica também endereços de e-mail em domínio gmail, não registrados aqui por não serem institucionais.",https://inct-cpct.fiocruz.br/apresentacao/; https://inct-cpct.fiocruz.br/equipe-e-instituicoes/; https://fiocruz.br/inct-cpct
fiocruz-museu-da-vida-fiocruz,sim,Museu da Vida Fiocruz,,museu,Fundação Oswaldo Cruz,Fiocruz,instituição pública de pesquisa não universitária,Casa de Oswaldo Cruz (COC),divulgacao_cientifica,,,,museudavida@fiocruz.br,(21) 3865-2128,https://www.museudavida.fiocruz.br/,"Av. Brasil, 4365, Manguinhos, CEP 21045-900",Rio de Janeiro,RJ,-22.876,-43.2445,campus,"O Museu da Vida faz pesquisa em divulgação científica e estudos de público, com produção de dados sobre percepção pública da ciência. Esses estudos e indicadores interessam à frente de popularização da ciência com base em dados da CGINA.","Museu de ciência inaugurado em 1999 que trata de ciência, tecnologia e saúde com o público por meio de exposições, atividades interativas, multimídias, peças teatrais e laboratórios. Mantém programas educacionais, pesquisa em divulgação científica e estudos de público, acervo museológico e biblioteca. Opera iniciativas itinerantes, como o Ciência Móvel e exposições itinerantes.",parcial,2026-09-17,O nome do chefe do museu não consta nas páginas oficiais consultadas. E-mail de agendamento e informações de visita: recepcaomv@fiocruz.br.,https://www.museudavida.fiocruz.br/index.php/pt-br/sobre-o-museu; https://fiocruz.br/museu-da-vida-fiocruz; https://www.museudavida.fiocruz.br/index.php/pt-br/planeje-sua-visita
fiocruz-ppgdc,sim,"Programa de Pós-Graduação em Divulgação da Ciência, Tecnologia e Saúde",PPGDC,programa,"Fundação Oswaldo Cruz, em associação com a UFRJ, o MAST e a Fundação Cecierj",Fiocruz,instituição pública de pesquisa não universitária,Casa de Oswaldo Cruz (COC),divulgacao_cientifica,,Marina Ramalho,Coordenadora,ppgdivulgacao@fiocruz.br,(21) 3865-2290,https://ppgdc.coc.fiocruz.br/,"Av. Brasil, 4365, Manguinhos, CEP 21040-900",Rio de Janeiro,RJ,-22.876,-43.2445,campus,O programa é um dos poucos cursos stricto sensu do Sistema Nacional de Pós-Graduação dedicados à divulgação científica. Interessa à CGINA como referência de formação e como fonte de estudos sobre comunicação pública da ciência.,"Mestrado acadêmico que forma pesquisadores para produzir conhecimento sobre as relações entre ciência, tecnologia, saúde e sociedade. É oferecido pela Casa de Oswaldo Cruz em parceria com o Museu de Astronomia e Ciências Afins (Mast), a Fundação Cecierj e a Universidade Federal do Rio de Janeiro. Está vinculado ao Museu da Vida Fiocruz.",parcial,2026-09-17,"A página de contato do programa apresentou erro de certificado no acesso direto; os dados foram confirmados por resultado de busca da página oficial e pelo portal do Campus Virtual Fiocruz. Programa interinstitucional, sediado na Casa de Oswaldo Cruz, com participação da UFRJ, do MAST e da Fundação Cecierj. Registrado em uma linha só, na instituição que o sedia, depois de ter sido levantado duas vezes por frentes diferentes.",https://ppgdc.coc.fiocruz.br/contato/; https://coc.fiocruz.br/cursos/ppgdc/; https://campusvirtual.fiocruz.br/portal/?q=curso%2F10351
ifrj-eci,sim,Espaço Ciência InterAtiva,ECI,centro,"Instituto Federal de Educação, Ciência e Tecnologia do Rio de Janeiro",IFRJ,instituto federal,Campus Mesquita,divulgacao_cientifica,,Guilherme Thomaz,Coordenador,eci@ifrj.edu.br,(21) 2797-5512,https://portal.ifrj.edu.br/node/2802,"Rua Paulo I, s/n, Praça Luiz do Nascimento, Centro, CEP 26530-060",Mesquita,RJ,-22.7828,-43.4291,endereco,O ECI é centro de ciências da Rede Federal com programa estruturado de popularização da ciência e inclusão social na Baixada Fluminense. Interessa à CGINA como referência de divulgação científica em instituto federal.,"Centro de ciências do IFRJ voltado à popularização da ciência com vistas à inclusão social. Realiza atividades educativas, eventos de popularização científica e projetos itinerantes. Atende o público de terça a sexta-feira, das 9h às 17h, com agendamento para visitas pedagógicas.",parcial,2026-09-17,O nome do coordenador foi obtido em resultado de busca sobre páginas do portal do IFRJ e não pôde ser confirmado na página institucional aberta diretamente. E-mail para agendamento de visitas pedagógicas: aeci.cmesq@ifrj.edu.br.,https://portal.ifrj.edu.br/node/2802; https://visite.museus.gov.br/instituicoes/espaco-ciencia-interativa-ifrj-instituto-federal-do-rio-de-janeiro/; https://portal.ifrj.edu.br/mesquita/contatos
mcti-mast,sim,Museu de Astronomia e Ciências Afins,MAST,museu,"Ministério da Ciência, Tecnologia e Inovação",MCTI,instituição pública de pesquisa não universitária,,divulgacao_cientifica,,Marcio Ferreira Rangel,Diretor,diretoria@mast.br,(21) 3514-5202,https://www.gov.br/mast/pt-br,"Rua General Bruce, 586, Bairro Imperial de São Cristóvão, CEP 20921-030",Rio de Janeiro,RJ,-22.8975,-43.2242,endereco,"O MAST faz pesquisa em educação em ciências, museologia e história da ciência, e integra o mestrado em Divulgação da Ciência, Tecnologia e Saúde. Interessa à CGINA como unidade de pesquisa não universitária credenciada no Sistema Nacional de Pós-Graduação em divulgação científica.","Unidade especializada do MCTI criada em 1985, dedicada à preservação e à divulgação da ciência, com ênfase em astronomia, física e meteorologia. Mantém acervo arquivístico e museológico, observação do céu aberta ao público e programas de educação em ciências. Desenvolve pesquisa em museologia, documentação e história da ciência e tecnologia.",verificado,2026-09-17,"E-mail de atendimento ao público: atendimento@mast.br, telefone da recepção (21) 3514-5200. O CEP não consta da página oficial de contato e foi tomado do endereço público do museu.",https://www.gov.br/mast/pt-br; https://www.gov.br/mast/pt-br/composicao/diretoria-1; https://www.gov.br/mast/pt-br/canais-de-atendimento/contato
on-dicop,sim,Divisão de Comunicação e Popularização da Ciência,DICOP,núcleo,Observatório Nacional,ON,instituição pública de pesquisa não universitária,,divulgacao_cientifica,,Josina Oliveira do Nascimento,Chefe de Divisão,josina@on.br,(21) 3504-9156,https://www.gov.br/observatorio/pt-br,"Rua General José Cristino, 77, São Cristóvão, CEP 20921-400",Rio de Janeiro,RJ,-22.8958,-43.2244,endereco,"A DICOP opera a divulgação científica de uma unidade de pesquisa do MCTI, com programas de visitação, podcast e ações educativas em astronomia e geofísica. Interessa à CGINA como referência de estrutura formal de popularização da ciência dentro de instituto de pesquisa.","Divisão do Observatório Nacional responsável pela comunicação institucional e pela popularização da ciência. Conduz ações educativas e de divulgação em astronomia, geofísica e metrologia em tempo e frequência. Produz o podcast institucional e atende visitação pública ao campus de São Cristóvão.",parcial,2026-09-17,"Diretor do Observatório Nacional: Jailson Souza de Alcaniz (dir@on.br, 21 3504-9180). As páginas de canais de atendimento não publicaram o endereço completo; o endereço registrado é o da sede histórica do ON em São Cristóvão e deve ser reconferido na geocodificação.",https://www.gov.br/observatorio/pt-br/acesso-a-informacao/institucional/quem-e-quem; https://www.gov.br/observatorio/pt-br; https://www.gov.br/mcti/pt-br/composicao/rede-mcti/observatorio-nacional
sgb-mcter,sim,Museu de Ciências da Terra,MCTer,museu,Serviço Geológico do Brasil,SGB,instituição pública de pesquisa não universitária,,divulgacao_cientifica,,,,mcter@sgb.gov.br,(21) 2546-0440,https://mcter.sgb.gov.br/,"Avenida Pasteur, 404, Urca, CEP 22290-240",Rio de Janeiro,RJ,-22.9552,-43.1663,endereco,O museu faz divulgação das geociências a partir de acervo paleontológico e mineralógico de referência nacional e mantém acervo digital. Interessa à CGINA como caso de digitalização e disseminação de coleções científicas públicas.,"Museu criado em 10 de janeiro de 1907, integrante do Serviço Geológico do Brasil, dedicado à educação e à divulgação das geociências. Mantém acervo de minerais, rochas, meteoritos e fósseis em prédio neoclássico tombado na Urca. Oferece biblioteca infantil, atendimento em Libras, programa de voluntariado e acervo digital.",parcial,2026-09-17,"O museu está fechado para obras de recuperação do prédio desde janeiro de 2026, com previsão de reabertura em 2029. A página oficial não identifica o responsável pela unidade. E-mail de agendamento educativo: educamcter@sgb.gov.br.",https://mcter.sgb.gov.br/; https://cadastro.museus.gov.br/museus/museu-de-ciencias-da-terra/; https://visite.museus.gov.br/instituicoes/museu-de-ciencias-da-terra/
uff-casa-da-descoberta-centro-de-divulgacao-de-ciencia-da-uff,sim,"Casa da Descoberta, Centro de Divulgação de Ciência da UFF",,centro,Universidade Federal Fluminense,UFF,universidade federal,Instituto de Física,divulgacao_cientifica,,Daisy Maria Luz,Coordenadora,descubra@if.uff.br,(21) 2629-5809,https://casadadescoberta.uff.br/,"Avenida Litorânea, s/n, Instituto de Física, 2º andar, Campus da Praia Vermelha, Niterói - RJ",Niterói,RJ,-22.9017,-43.131,campus,"Centro de divulgação científica universitário voltado à alfabetização científica, com atendimento a escolas de educação básica e atividades de formação.","Criado em 2000, é o centro de divulgação de ciência da UFF, sediado no Instituto de Física. Mantém acervo de mais de 50 experimentos interativos nas áreas de astronomia, física, química, biologia e matemática. Oferece visitas guiadas e acessíveis, clube de astronomia, bancada de química, trilha ecológica, colônia de férias e ações itinerantes.",parcial,2026-09-17,"O site oficial estava em reformulação na data da verificação e publica apenas e-mail de domínio Gmail, não registrado aqui. Erica Cristina Nogueira (GFI) consta como coordenadora de projeto de extensão vinculado.",https://casadadescoberta.uff.br/; https://www.extensao.uff.br/?q=content%2Fcasa-da-descoberta; https://visite.museus.gov.br/instituicoes/casa-da-descoberta-centro-de-divulgacao-de-ciencia-da-universidade-federal-fluminense/
ufrj-casa-da-ciencia-centro-cultural-de-ciencia-e-tecnologia-da-ufrj,sim,"Casa da Ciência, Centro Cultural de Ciência e Tecnologia da UFRJ",,centro,Universidade Federal do Rio de Janeiro,UFRJ,universidade federal,Fórum de Ciência e Cultura (FCC),divulgacao_cientifica,,Ismar de Souza Carvalho,Diretor,direcao@casadaciencia.ufrj.br,(21) 3938-5444,https://casadaciencia.ufrj.br/,"Rua Lauro Müller, 3, Botafogo, Rio de Janeiro - RJ, CEP 22290-160",Rio de Janeiro,RJ,-22.9524,-43.178,endereco,"Centro cultural de ciência e tecnologia de referência nacional, com programação de exposições e cursos. Parceiro para ações conjuntas de popularização da ciência e para o mestrado interinstitucional em divulgação da ciência.","Inaugurado em 1995, é o centro cultural de ciência e tecnologia da UFRJ, vinculado ao Fórum de Ciência e Cultura. Realiza exposições, oficinas, ciclos de palestras, cursos, mostras de vídeo e teatro. Atua na democratização do acesso à ciência, à arte e à cultura e estimula a pesquisa, a experimentação e a apropriação social do conhecimento científico.",verificado,2026-09-17,Murilo Quintão consta como diretor substituto. E-mail geral: casadaciencia@casadaciencia.ufrj.br.,https://casadaciencia.ufrj.br/; https://casadaciencia.ufrj.br/?page_id=76; https://forum.ufrj.br/o-forum/orgaos-do-fcc/casa-da-ciencia/
ufrj-nutes,sim,Instituto NUTES de Educação em Ciências e Saúde,NUTES,instituto,Universidade Federal do Rio de Janeiro,UFRJ,universidade federal,Centro de Ciências da Saúde (CCS),divulgacao_cientifica,politicas_publicas,Rita Vilanova Prata,Diretora,direcao2@nutes.ufrj.br,(21) 3938-6343,https://www.nutes.ufrj.br/,"Av. Carlos Chagas Filho, 373, Centro de Ciências da Saúde, Bloco A, Sala 12, Cidade Universitária, Ilha do Fundão, Rio de Janeiro - RJ, CEP 21941-902",Rio de Janeiro,RJ,-22.8613,-43.2244,endereco,"Instituto com programa de pós-graduação avaliado como de excelência pela CAPES em educação em ciências e saúde, com pesquisa sobre divulgação científica. Interessa como produtor de pesquisa e indicadores na área.","Fundado em 1972, articula formação de recursos humanos, pesquisa e desenvolvimento em educação em ciências e saúde. Mantém o Programa de Pós-Graduação em Educação em Ciências e Saúde, com mestrado e doutorado. Desenvolve divulgação científica por meio de recursos educacionais e publicações especializadas e mantém laboratórios como o de Linguagens e Mediações.",verificado,2026-09-17,Luiz Augusto Coimbra de Rezende Filho consta como vice-diretor. Consulta para nova direção estava em curso na data da verificação.,https://www.nutes.ufrj.br/; https://www.nutes.ufrj.br/sobre/; https://www.nutes.ufrj.br/administracao/
instituto-butantan-museu-de-microbiologia-prof-isaias-raw,sim,Museu de Microbiologia Prof. Isaías Raw,,museu,Instituto Butantan,,instituição pública de pesquisa não universitária,Parque da Ciência Butantan,divulgacao_cientifica,,,,museumicrobiol@butantan.gov.br,(11) 2627-9541,https://butantan.gov.br/atracoes/museu-de-microbiologia,"Av. Vital Brasil, 1500, Butantã, CEP 05503-900",São Paulo,SP,-23.5686,-46.7215,campus,O museu faz divulgação científica em microbiologia e imunologia dentro de um instituto público de pesquisa e produção de imunobiológicos. Interessa à CGINA como referência de popularização da ciência associada à pesquisa aplicada.,"Museu criado em 2002 com apoio da Fapesp e da Vitae, idealizado por Isaías Raw e concebido por pesquisadores de imunologia e microbiologia do Instituto Butantan. Trata de conceitos de escala, biodiversidade, função biológica e relação dos micro-organismos com os seres humanos. Mantém exposições e ações educativas para o público visitante, de terça a domingo.",parcial,2026-09-17,As páginas do domínio butantan.gov.br retornaram erro 403 no acesso direto; os dados foram confirmados no cadastro oficial Visite Museus do Ibram. O Instituto Butantan é vinculado à Secretaria de Estado da Saúde de São Paulo. Não há responsável nominal publicado para o museu.,https://butantan.gov.br/atracoes/museu-de-microbiologia; https://visite.museus.gov.br/instituicoes/museu-de-microbiologia-instituto-butantan/; https://parquedaciencia.butantan.gov.br/programacao/atracoes/museu-de-microbiologia
sbpc-sbpc,sim,Sociedade Brasileira para o Progresso da Ciência,SBPC,sociedade científica,Sociedade Brasileira para o Progresso da Ciência,SBPC,sociedade científica,,divulgacao_cientifica,politicas_publicas,Francilene Procópio Garcia,Presidenta,,(11) 3355-2130,https://portal.sbpcnet.org.br/,"Rua Maria Antônia, 294, 4º andar, Vila Buarque, CEP 01222-010",São Paulo,SP,-23.5449,-46.6473,endereco,A SBPC edita o Jornal da Ciência e a revista Ciência Hoje e acompanha o orçamento e as políticas de ciência e educação superior. Interessa à CGINA como interlocutora em divulgação científica e em análise de políticas de CT&I.,"Entidade civil sem fins lucrativos fundada em 1948, dedicada à defesa do avanço científico e tecnológico e do desenvolvimento educacional e cultural do Brasil. Realiza a Reunião Anual da SBPC e publica o Jornal da Ciência. Mantém posições públicas sobre orçamento, políticas de ciência e educação.",parcial,2026-09-17,"Natureza de sociedade científica, não de instituição pública de pesquisa, conforme solicitado no levantamento. O portal apresentou erro de certificado no acesso direto; endereço, telefone e presidência confirmados por resultado de busca sobre o portal oficial. O Jornal da Ciência publica o contato comunicacao@sbpcnet.org.br.",https://portal.sbpcnet.org.br/; https://jornaldaciencia.org.br/; https://portal.sbpcnet.org.br/noticias/confira-as-acoes-da-sbpc-em-abril-de-2026/
unesp-aci-unesp,sim,Assessoria de Comunicação e Imprensa da Unesp,ACI Unesp,coordenadoria,Universidade Estadual Paulista Júlio de Mesquita Filho,UNESP,universidade estadual,Reitoria da Unesp,divulgacao_cientifica,,José Carlos Marques,Assessor-chefe da Assessoria de Comunicação e Imprensa,jornal@unesp.br,(11) 5627-0326,https://jornal.unesp.br/,"Rua Quirino de Andrade, 215, 4º andar, São Paulo - SP, CEP 01049-010",São Paulo,SP,-23.547,-46.6395,endereco,Estrutura de jornalismo científico institucional que opera a Unesp Agência de Notícias e o Jornal da Unesp. Parceiro direto para ações conjuntas com a comunicação institucional da CAPES.,"Órgão da Reitoria responsável pela comunicação institucional da Unesp, que conduz a Unesp Agência de Notícias (UNAN) e o Jornal da Unesp. A UNAN divulga atividades e pesquisas da universidade e serve de base para sugestão de pautas e fontes a jornalistas. Produz notícias, podcasts e releases sobre resultados de pesquisa dos 24 câmpus.",verificado,2026-09-17,Pablo Nogueira consta como editor-chefe e jornalista responsável do Jornal da Unesp. E-mail alternativo da assessoria: imprensa@unesp.br.,https://jornal.unesp.br/expediente/; https://arquivodigital.unesp.br/index.php/assessoria-de-comunicacao-e-imprensa
unesp-cca,sim,Centro de Ciências de Araraquara,CCA,centro,Universidade Estadual Paulista Júlio de Mesquita Filho,UNESP,universidade estadual,"Instituto de Química, Câmpus de Araraquara",divulgacao_cientifica,,Rodrigo Fernando Costa Marques,Supervisor,cca.iq@unesp.br,(16) 3322-4812,https://www.iq.unesp.br/#!/cca/sobre/,"Avenida Doutor Bernardino Arantes de Almeida, s/n, Jardim Santa Lúcia, Araraquara - SP, CEP 14800-540",Araraquara,SP,-21.7845,-48.1783,cidade,"Museu universitário multidisciplinar de ciências com atendimento regular a escolas e professores da rede pública, área de interesse da CGINA na articulação com a formação de professores.","Criado em 1989, é museu universitário multidisciplinar de ciências vinculado ao Instituto de Química da Unesp. Mantém salas de química, física, biologia, matemática, mineralogia, astronomia e energias renováveis, além de trilha sensorial. Recebe mais de três mil estudantes da educação básica por ano em visitas guiadas e abre ao público geral aos sábados.",verificado,2026-09-17,,https://www.iq.unesp.br/#!/cca/sobre/; https://visite.museus.gov.br/instituicoes/centro-de-ciencias-de-araraquara/; https://arquivodigital.unesp.br/index.php/centro-de-ciencias-de-araraquara-cca-7
unicamp-labjor,sim,Laboratório de Estudos Avançados em Jornalismo,Labjor,laboratório,Universidade Estadual de Campinas,UNICAMP,universidade estadual,Núcleo de Desenvolvimento da Criatividade (Nudecri),divulgacao_cientifica,politicas_publicas,Marcos Barbai,Coordenador do curso de especialização em jornalismo científico,,(19) 3521-2585,https://www.labjor.unicamp.br/,"Rua Seis de Agosto, 50, Reitoria V, 3º piso, Cidade Universitária Zeferino Vaz, Campinas - SP, CEP 13083-873",Campinas,SP,-22.8184,-47.0647,campus,"Centro de referência nacional em formação e pesquisa em divulgação científica, com pós-graduação stricto sensu e lato sensu na área. Pode fornecer estudos e indicadores sobre divulgação científica na pós-graduação.","Criado em 1994, desenvolve atividades de pós-graduação, pesquisa e extensão em jornalismo e divulgação científica, crítica da mídia e comunicação de ciência e tecnologia. Abriga o Programa de Pós-Graduação em Divulgação Científica e Cultural e curso de especialização em jornalismo científico. Edita publicações na área de comunicação pública da ciência.",parcial,2026-09-17,A página oficial não publica e-mail institucional nem o nome do coordenador geral do Labjor. Marcos Barbai consta como coordenador do curso de especialização em jornalismo científico.,https://www.labjor.unicamp.br/; https://www.labjor.unicamp.br/sobre/; https://www.labjor.unicamp.br/contato/; https://www.labjor.unicamp.br/quem-somos/; https://jornal.unicamp.br/agenda/2025/04/04/labjor-abre-processo-seletivo-para-curso-gratuito-de-especializacao-em-jornalismo-cientifico/
unicamp-mec-unicamp,sim,Museu Exploratório de Ciências da Unicamp,MEC Unicamp,museu,Universidade Estadual de Campinas,UNICAMP,universidade estadual,"Pró-Reitoria de Extensão, Esporte e Cultura (ProEEC)",divulgacao_cientifica,,Guilherme Stecca Marcom,Coordenador,museu@unicamp.br,(19) 3521-1810,https://www.proec.unicamp.br/museu-exploratorio-de-ciencias/,"Rua da Reitoria, 121, Cidade Universitária Zeferino Vaz, Barão Geraldo, Campinas - SP, CEP 13083-872",Campinas,SP,-22.8172,-47.0689,campus,"Museu universitário de ciências com programação educativa regular, capaz de participar de ações conjuntas de popularização da ciência voltadas à educação básica e à formação de professores.","Museu de ciências da Unicamp dedicado à divulgação e à promoção científica. Mantém exposições permanentes interativas, exposições especiais e oficinas educativas centradas em método científico, resolução de problemas e pensamento crítico. Atende escolas e público geral.",verificado,2026-09-17,Guilherme Oliveira Barbosa consta como coordenador associado.,https://www.proec.unicamp.br/museu-exploratorio-de-ciencias/; https://visite.museus.gov.br/instituicoes/museu-exploratorio-de-ciencias-da-unicamp/
unicamp-ppg-dcc,sim,Programa de Pós-Graduação em Divulgação Científica e Cultural,PPG-DCC,programa,Universidade Estadual de Campinas,UNICAMP,universidade estadual,Instituto de Estudos da Linguagem (IEL) e Laboratório de Estudos Avançados em Jornalismo (Labjor),divulgacao_cientifica,,Greciely Cristina da Costa,Coordenadora (2025/2027),,(19) 3521-2586,https://www.labjor.unicamp.br/pos-graduacao/divulgacao-cientifica-e-cultural/mestrado/,"Rua Seis de Agosto, 50, Reitoria V, 3º piso, Cidade Universitária Zeferino Vaz, Campinas - SP, CEP 13083-873",Campinas,SP,-22.8184,-47.0647,campus,"Primeiro programa de pós-graduação em divulgação científica do Brasil, avaliado pela CAPES, com mestrado e doutorado aprovado. Interlocutor direto para estudos e indicadores sobre divulgação científica na pós-graduação.","Programa criado em 2007, com atividades iniciadas em 2008, em parceria entre o IEL e o Labjor. Oferece mestrado em Divulgação Científica e Cultural e teve proposta de doutorado aprovada pela CAPES. Forma pesquisadores e profissionais para o estudo e a prática da divulgação de ciências, tecnologias e culturas.",verificado,2026-09-17,"A secretaria publica e-mails de servidores individuais, não um e-mail institucional único do programa.",https://www.labjor.unicamp.br/pos-graduacao/divulgacao-cientifica-e-cultural/mestrado/; https://www.labjor.unicamp.br/programa-de-pos-graduacao-em-divulgacao-e-cultural-tem-a-proposta-de-doutorado-aprovada-pela-capes/
ufscar-labi,sim,Laboratório Aberto de Interatividade para Disseminação do Conhecimento Científico e Tecnológico,LAbI,laboratório,Universidade Federal de São Carlos,UFSCar,universidade federal,Universidade Federal de São Carlos,divulgacao_cientifica,,,,,,https://www.labi.ufscar.br/,"Universidade Federal de São Carlos, Rodovia Washington Luís, km 235, SP-310, São Carlos - SP",São Carlos,SP,-21.9838,-47.8808,campus,Laboratório especializado em divulgação científica com produção de conteúdo multimídia e equipe interdisciplinar. Pode produzir conteúdo e formatos para ações conjuntas com a comunicação institucional da CAPES.,"Laboratório especializado em divulgação científica e popularização da ciência, com foco em interatividade e nas conexões entre ciência, arte e tecnologia. Produz conteúdos multimídia para públicos variados. Reúne pesquisadores de física, astronomia, biologia, educação, sociologia e comunicação, além de profissionais de jornalismo, produção audiovisual e computação.",parcial,2026-09-17,"A página de contatos publica apenas e-mail de domínio Gmail (producao.labi@gmail.com), não registrado aqui por não ser institucional. Nome do coordenador e telefone não constam no site oficial.",https://www.labi.ufscar.br/; https://www.labi.ufscar.br/quem-somos/; https://www.labi.ufscar.br/quem-somos/contatos
unifesp-nudictec,sim,"Núcleo de Divulgação Científica, Tecnológica e Cultural",NUDICTEC,núcleo,Universidade Federal de São Paulo,UNIFESP,universidade federal,Pró-Reitoria de Extensão e Cultura (ProEC),divulgacao_cientifica,,,,,,https://proreitoria.unifesp.br/proec/todos-institucional/nucleo-de-divulgacao-cientifica-tecnologica-e-cultura-nudictec,"Rua Sena Madureira, 1500, Vila Clementino, São Paulo - SP",São Paulo,SP,-23.59169,-46.64899,endereco,"Núcleo institucional que organiza e pesquisa a divulgação científica na universidade, incluindo formação de agentes de divulgação. Interessa para ações conjuntas e para levantamento de indicadores.","Órgão de integração da Unifesp cujas ações incentivam, formam, organizam, promovem e pesquisam a divulgação de resultados científicos, processos e produtos tecnológicos e atividades culturais formativas ligadas à extensão universitária. Desenvolve ações de divulgação para a comunidade externa a partir de programas, projetos, cursos e eventos credenciados na ProEC.",parcial,2026-09-17,"A página institucional retornou erro 403 na consulta direta. Dados obtidos de descrição indexada da mesma página oficial. Nome do coordenador, e-mail e telefone não confirmados.",https://proreitoria.unifesp.br/proec/todos-institucional/nucleo-de-divulgacao-cientifica-tecnologica-e-cultura-nudictec
ufabc-divulgacao-cientifica-da-ufabc,sim,Divulgação Científica da UFABC,,coordenadoria,Universidade Federal do ABC,UFABC,universidade federal,Superintendência de Comunicação (Sucom),divulgacao_cientifica,,,,,,https://www.ufabc.edu.br/divulgacao-cientifica,"Avenida dos Estados, 5001, Bangú, Santo André - SP, CEP 09210-580",Santo André,SP,-23.6396,-46.5266,campus,"Estrutura institucional de divulgação científica que produz conteúdo jornalístico e podcasts sobre pesquisa própria, incluindo resumos de pesquisa de pós-graduação. Integra a plataforma interinstitucional Federais SP.","Unidade que reúne as atividades de comunicação científica da UFABC, com matérias jornalísticas sobre descobertas de pesquisa, artigos de docentes e pesquisadores e resumos de pesquisas de pós-graduação. Mantém a série de podcasts ""E eu com isso? Fala cientista!"" e acervos de vídeo. Articula projetos como CiencíON, NeurocastUFABC e blog institucional de ciência.",parcial,2026-09-17,"A página não publica nome de coordenador, e-mail ou telefone específicos da área. A UFABC integra com UFSCar e Unifesp a plataforma Federais SP de divulgação científica.",https://www.ufabc.edu.br/divulgacao-cientifica; https://agencia.fapesp.br/universidades-federais-do-estado-de-sao-paulo-se-unem-em-projeto-de-divulgacao-cientifica/31246
usp-cdcc,sim,Centro de Divulgação Científica e Cultural,CDCC,centro,Universidade de São Paulo,USP,universidade estadual,"Campus USP de São Carlos, Grupo Coordenador de Cultura e Extensão Universitária",divulgacao_cientifica,,Fernando Fernandes Paiva,Diretor,cdcc@cdcc.usp.br,(16) 3373-9772,https://cdcc.usp.br/,"Rua Nove de Julho, 1227, Centro, São Carlos - SP, CEP 13560-042",São Carlos,SP,-22.0154,-47.8903,endereco,"Centro universitário de divulgação científica com mais de quatro décadas de atuação e programas consolidados de formação de professores da educação básica, área de interesse direto da CGINA.","Criado em 1980, promove o acesso da comunidade aos resultados da produção científica e cultural da USP. Mantém o Observatório Dietrich Schiel, espaços expositivos, a Experimentoteca de kits didáticos, biblioteca e cineclube. Oferece cursos e capacitação para professores e exposições itinerantes.",verificado,2026-09-17,"Fernanda Canduri consta como vice-diretora. O Observatório Dietrich Schiel fica na Av. Trabalhador São-carlense, 400, Campus Área 1.",https://cdcc.usp.br/; https://cdcc.usp.br/sobre/; https://cdcc.usp.br/equipe/
usp-estacao-ciencia,sim,Estação Ciência,,centro,Universidade de São Paulo,USP,universidade estadual,Pró-Reitoria de Cultura e Extensão Universitária (PRCEU),divulgacao_cientifica,,Eduardo Colli,Diretor,estacao.ciencia@usp.br,(11) 3871-6752,https://www.fea.usp.br/cultura-e-extensao/programas-e-projetos-usp/estacao-ciencia,"Rua Guaicurus, 1394, Lapa, São Paulo - SP, CEP 05033-002",São Paulo,SP,-23.56522,-46.71258,campus,"Órgão de divulgação científica da USP formalmente existente, em reformulação de projeto acadêmico. Interesse baixo no curto prazo por estar sem espaço físico e sem visitação.","Centro de divulgação científica que funcionou desde 1987 e foi administrado pela USP a partir de 1990, quando chegou a receber mais de 200 mil visitantes por ano. Está fechado para visitação desde março de 2013 e o prédio foi devolvido ao governo do Estado de São Paulo. O órgão permanece existindo, com projeto acadêmico e futuro espaço físico em reformulação.",parcial,2026-09-17,"Unidade da lista-semente que não funciona como espaço de visitação. A indicação de Eduardo Colli como diretor consta de matéria do Jornal da USP de 17/05/2016 e não foi confirmada em página institucional atualizada. O acervo foi distribuído ao Parque CienTec, EACH, CDCC e EEL. A página da PRCEU (prceu.usp.br/centro/estacao-ciencia/) retornou erro 404.",https://www.fea.usp.br/cultura-e-extensao/programas-e-projetos-usp/estacao-ciencia; https://jornal.usp.br/universidade/estacao-ciencia-nao-voltara-para-antigo-predio-e-equipamentos-sao-distribuidos/
usp-iea-usp,sim,Instituto de Estudos Avançados da Universidade de São Paulo,IEA-USP,instituto,Universidade de São Paulo,USP,universidade estadual,Reitoria da USP,divulgacao_cientifica,politicas_publicas,Roseli de Deus Lopes,Diretora (19/4/2024 a 18/4/2028),iea@usp.br,(11) 3091-3922,https://www.iea.usp.br/,"Rua Praça do Relógio, 109, térreo, Cidade Universitária, São Paulo - SP, CEP 05508-050",São Paulo,SP,-23.5595,-46.7313,endereco,Instituto de estudos avançados com produção de análises interdisciplinares e programação pública permanente. Referência de modelo institucional para a Coordenação de Estudos Avançados (CEAV) e parceiro potencial em estudos.,"Instituto interdisciplinar da USP dedicado a estudos avançados, com grupos de pesquisa em temas de interesse público. Promove conferências, seminários, mesas-redondas e simpósios abertos ao público e edita a revista Estudos Avançados. Mantém assessoria de imprensa própria e canais de difusão dos debates que organiza.",verificado,2026-09-17,"Marcos Buckeridge consta como vice-diretor. O enquadramento em divulgação científica é parcial: a atividade principal é estudos avançados, com difusão pública associada. | Também levantado em politicas_publicas_p1.json",https://www.iea.usp.br/iea/organizacao/diretoria; https://www.iea.usp.br/pessoas
usp-njr,sim,Núcleo José Reis de Divulgação Científica,NJR,núcleo,Universidade de São Paulo,USP,universidade estadual,Escola de Comunicações e Artes (ECA),divulgacao_cientifica,,,,,,https://www.eca.usp.br/pesquisa/nucleos-de-pesquisa,"Av. Prof. Lúcio Martins Rodrigues, 443, Cidade Universitária, São Paulo - SP, CEP 05508-020",São Paulo,SP,-23.56522,-46.71258,campus,"Núcleo histórico de referência em divulgação científica no Brasil, criado em 1992, que sediou cátedra UNESCO de comunicação científica. Situação atual de funcionamento não confirmada.","Núcleo de pesquisa criado em 1992 na ECA-USP, dedicado à divulgação científica e batizado em homenagem ao pesquisador e jornalista José Reis. Sediou a cátedra UNESCO de comunicação científica em 2006. Desenvolveu cursos, pesquisas e publicação de material na área.",parcial,2026-09-17,Unidade da lista-semente cuja atividade atual não pôde ser confirmada. A página da ECA-USP retornou erro 403 e o antigo site do núcleo (nucleos.eca.usp.br/njr) não resolve mais o DNS. Coordenadores históricos: Crodowaldo Pavan e Glória Kreinz. Recomenda-se confirmar por contato direto com a ECA-USP antes de considerá-lo ativo.,https://www.eca.usp.br/pesquisa/nucleos-de-pesquisa; https://pt.wikipedia.org/wiki/N%C3%BAcleo_Jos%C3%A9_Reis_de_Divulga%C3%A7%C3%A3o_Cient%C3%ADfica
usp-parque-cientec,sim,Parque de Ciência e Tecnologia da Universidade de São Paulo,Parque CienTec,centro,Universidade de São Paulo,USP,universidade estadual,Pró-Reitoria de Cultura e Extensão Universitária (PRCEU),divulgacao_cientifica,,Roberto D. D. Costa,Diretor,parquecientec@usp.br,(11) 2648-4311,https://www.parquecientec.usp.br/,"Avenida Miguel Estefno, 4200, Água Funda, São Paulo - SP",São Paulo,SP,-23.6489,-46.6222,endereco,"Museu de ciências da maior universidade pública do país, com programas de alfabetização científica e atendimento a escolas. Recebeu parte do acervo da Estação Ciência.","Museu de ciências da USP centrado em física, astronomia, matemática e meio ambiente, localizado em área de 141 hectares no Parque Estadual das Fontes do Ipiranga. Oferece trilhas temáticas, atividades interativas, microscopia, observação astronômica e exposições. Atua em educação informal com mediação para escolas e público geral.",verificado,2026-09-17,Elysandra Figueredo Cypriano consta como vice-diretora.,https://www.parquecientec.usp.br/; https://www.parquecientec.usp.br/quem-somos
uel-mctl,sim,Museu de Ciência e Tecnologia de Londrina,MCTL,museu,Universidade Estadual de Londrina,UEL,universidade estadual,Universidade Estadual de Londrina,divulgacao_cientifica,,Sérgio Mello de Arruda,Coordenador,,(43) 3371-4805,https://sites.uel.br/mct/,"Av. Vinicius de Moraes, 627-935, Columbia, Londrina - PR, CEP 86044-766",Londrina,PR,-23.32,-51.2,cidade,"Museu universitário que reúne centro de ciências, observatório e planetário em uma só estrutura, com atendimento agendado a escolas da região.","Projeto de divulgação científica da UEL inaugurado em 2005, composto por três setores: centro de ciências, observatório e planetário. Recebe estudantes e público geral em visitas agendadas, com entrada gratuita.",parcial,2026-09-17,O site oficial migrou para sites.uel.br/mct e não publica e-mail institucional nem nome da coordenação atual. O nome do coordenador consta de página de serviços do governo do Paraná e deve ser reconfirmado.,https://sites.uel.br/mct/; https://www.parana.pr.gov.br/servicos/Servicos/Museus/Conhecer-o-Museu-de-Ciencia-e-Tecnologia-de-Londrina-UEL-GPoy52oQ; https://operobal.uel.br/ciencia/2022/05/12/museu-de-ciencia-e-tecnologia-de-londrina-completa-17-anos/
uem-mudi,sim,Museu Dinâmico Interdisciplinar,MUDI,museu,Universidade Estadual de Maringá,UEM,universidade estadual,Universidade Estadual de Maringá,divulgacao_cientifica,,Ana Paula Vidotti,Diretora,sec-mudi@uem.br,(44) 3011-4930,https://mudi.uem.br/,"Avenida Colombo, 5790, Bloco O-33, Jardim Universitário, Maringá - PR, CEP 87020-900",Maringá,PR,-23.405,-51.94,campus,"Museu universitário interdisciplinar com visitas monitoradas para a educação básica e cursos de formação de professores, área de competência direta da CGINA.","Iniciado em 1985 como projeto de extensão do Centro Interdisciplinar de Ciências, adotou a denominação atual em 2005. Mantém exposições permanentes e temporárias em morfologia humana e animal, educação em saúde, física, astronomia, química, antropologia, plantas medicinais, paleontologia e artes. Atende estudantes da educação básica em visitas monitoradas agendadas e oferece cursos de formação para professores.",parcial,2026-09-17,O nome da diretora foi obtido em fonte secundária e não consta nas páginas oficiais consultadas. E-mail alternativo publicado no site: mudi-recepcao@uem.br.,https://mudi.uem.br/; https://cadastro.museus.gov.br/museus/museu-dinamico-interdisciplinar-universidade-estadual-de-maringa/; https://grupomccac.org/guia/brasil/sul/parana/museu-dinamico-interdisciplinar-mudi/; https://paranafazciencia.uvpr.pr.gov.br/turismocientifico/museus/museu-dinamico-interdisciplinar-da-uem-mudi/
ufpr-ciencia-ufpr,sim,Ciência UFPR,,coordenadoria,Universidade Federal do Paraná,UFPR,universidade federal,"Superintendência de Comunicação (Sucom), Assessoria de Comunicação e Jornalismo",divulgacao_cientifica,,,,,(41) 3360-5158,https://ciencia.ufpr.br/portal/,"Rua Dr. Faivre, 405, Edifício Dom Pedro II, Centro, Curitiba - PR, CEP 80060-140",Curitiba,PR,-25.4284,-49.265,endereco,"Publicação institucional de divulgação científica com ISSN próprio, dedicada ao conhecimento produzido na universidade. Parceiro para ações conjuntas com a comunicação institucional da CAPES.","Portal de temas científicos com foco no conhecimento produzido na UFPR, baseado na Revista Ciência UFPR e mantido pela Superintendência de Comunicação. Publica conteúdo de divulgação científica com registro de ISSN eletrônico e impresso, sob licença aberta.",parcial,2026-09-17,O nome do editor responsável e o e-mail institucional não constam na página oficial. ISSN eletrônico 2675-9756.,https://ciencia.ufpr.br/portal/; https://agenciaescola.ufpr.br/popularizacao-da-ciencia-se-resume-a-divulgacao-cientifica/
ufpr-mcn-ufpr,sim,Museu de Ciências Naturais da UFPR,MCN-UFPR,museu,Universidade Federal do Paraná,UFPR,universidade federal,Setor de Ciências Biológicas,divulgacao_cientifica,,,,biomuseu@ufpr.br,(41) 3361-1645,https://mcn.ufpr.br/,"Av. Coronel Francisco Heráclito dos Santos, 100, Centro Politécnico, Jardim das Américas, Curitiba - PR, CEP 81531-980",Curitiba,PR,-25.45,-49.232,campus,Museu universitário de referência regional com programa de extensão voltado a escolas e articulação em rede estadual de divulgação científica (NAPI Paraná Faz Ciência).,"Inaugurado em 26 de abril de 1994, é museu universitário de referência em ciências biológicas e história natural no Paraná. Reúne área expositiva e coleções expositivas, didáticas e científicas usadas em pesquisa, educação e divulgação científica. Promove exposições, oficinas, cursos, palestras e ações de popularização da ciência, incluindo o programa de extensão ""Ciência vai à escola"", e integra o NAPI Paraná Faz Ciência.",parcial,2026-09-17,O nome do diretor ou coordenador não consta na página oficial.,https://mcn.ufpr.br/; https://mcn.ufpr.br/historico/; https://ufpr.br/mcn-ufpr-e-reinaugurado-com-espaco-ampliado-e-lancamento-de-exposicao-temporaria/
pucrs-mct-pucrs,sim,Museu de Ciências e Tecnologia da PUCRS,MCT-PUCRS,museu,Pontifícia Universidade Católica do Rio Grande do Sul,PUCRS,universidade privada,Pontifícia Universidade Católica do Rio Grande do Sul,divulgacao_cientifica,,Carlos Alberto Santos de Lucena,Diretor,,(51) 3320-3521,https://www.pucrs.br/mct/,"Avenida Ipiranga, 6681, Partenon, Prédio 40, Porto Alegre - RS, CEP 90619-900",Porto Alegre,RS,-30.059,-51.174,endereco,"Referência nacional inequívoca em museus de ciência universitários, com acervos de pesquisa e grande volume de visitação escolar. Incluído como exceção privada prevista na frente de trabalho.","Criado em 1967 com a denominação Museu de Ciências e renomeado em 1998, é museu universitário de difusão do conhecimento científico. Sua missão é gerar, preservar e difundir o conhecimento por meio de seus acervos e exposições. Abriga coleções de fósseis, espécimes da biodiversidade e artefatos arqueológicos usados em pesquisa acadêmica, com exposições interativas abertas ao público.",parcial,2026-09-17,Única universidade privada incluída nesta frente. Os e-mails do site são exibidos com ofuscação anti-spam e não puderam ser lidos. A direção de Carlos Alberto Santos de Lucena consta desde dezembro de 2018 e deve ser reconfirmada.,https://www.pucrs.br/mct/institucional/; https://www.pucrs.br/mct/contato/; https://portal.pucrs.br/tag/mct-pucrs/
ufsm-planetario-ufsm,sim,Planetário da Universidade Federal de Santa Maria,Planetário UFSM,observatório,Universidade Federal de Santa Maria,UFSM,universidade federal,"Órgão suplementar da UFSM, Divisão de Museus da Pró-Reitoria de Extensão",divulgacao_cientifica,,Jaqueline do Carmo Trentim Machado,Diretora,planetario@ufsm.br,(55) 3220-8226,https://www.ufsm.br/orgaos-suplementares/planetario,"Praça Santos Dumont, Prédio 45, Cidade Universitária, Camobi, Santa Maria - RS, CEP 97105-900",Santa Maria,RS,-29.715,-53.716,campus,"Planetário universitário histórico, o primeiro do Rio Grande do Sul, com programação regular gratuita de divulgação científica e observações públicas do céu.","Inaugurado em 14 de dezembro de 1971, foi o sexto planetário brasileiro, o primeiro do Rio Grande do Sul e o primeiro instalado em cidade do interior do país. Realiza sessões presenciais e virtuais, exposições sobre sistema solar e meteoritos e observações noturnas mensais do céu. Oferece programação gratuita de férias para a comunidade no campus sede.",verificado,2026-09-17,A direção foi confirmada em matéria institucional da UFSM de 19/03/2024.,https://www.ufsm.br/orgaos-suplementares/planetario/contato; https://www.ufsm.br/orgaos-suplementares/planetario/sobre-o-planetario; https://www.ufsm.br/2024/03/19/planetario-ufsm-um-espaco-de-lazer-e-aprendizado
ufrgs-museu-da-ufrgs,sim,Museu da Universidade Federal do Rio Grande do Sul,Museu da UFRGS,museu,Universidade Federal do Rio Grande do Sul,UFRGS,universidade federal,Universidade Federal do Rio Grande do Sul,divulgacao_cientifica,,,,,,https://www.ufrgs.br/museu/,"Av. Paulo Gama, 110, Farroupilha, Porto Alegre - RS",Porto Alegre,RS,-30.033,-51.219,campus,"Museu universitário interdisciplinar que coordena a Rede de Museus e Acervos da UFRGS e trata a ciência como ação educativa, com atendimento a grupos escolares e de pós-graduação.","Museu universitário interdisciplinar dedicado a museologia, pesquisa e educação nas áreas de ciência, tecnologia, história, sociedade, arte e cultura. Atua na memória social da universidade, na difusão do patrimônio cultural produzido pela UFRGS e na ciência como ação educativa. Recebe visitantes espontâneos, grupos escolares, público universitário, pós-graduandos e pesquisadores, e integra a Rede de Museus e Acervos da UFRGS, criada em 2011.",parcial,2026-09-17,"Nome do diretor, e-mail institucional e telefone não confirmados em página oficial.",https://www.ufrgs.br/museu/; https://www.ufrgs.br/museu/sobre-o-museu
ufrgs-planetario-ufrgs,sim,Planetário Professor José Baptista Pereira,Planetário UFRGS,observatório,Universidade Federal do Rio Grande do Sul,UFRGS,universidade federal,Universidade Federal do Rio Grande do Sul,divulgacao_cientifica,,,,planetario@ufrgs.br,(51) 3308-5384,https://www.ufrgs.br/planetario/,"Avenida Ipiranga, 2000, Santana, Porto Alegre - RS",Porto Alegre,RS,-30.04,-51.218,endereco,"Um dos primeiros planetários fixos do país, com projeto estruturado de divulgação científica e atendimento a estudantes de todos os níveis de ensino.","Inaugurado em 1972, é um dos primeiros planetários fixos do Brasil. Opera projetor em cúpula com 120 lugares e mantém sala multimídia com 70 lugares para palestras. Desenvolve atividades de educação científica com ênfase em astronomia, incluindo observação do céu por telescópios, e atende estudantes de todos os níveis e o público geral.",parcial,2026-09-17,A página oficial retornou erro de certificado na verificação direta; dados confirmados por página de serviços da UFRGS e guia especializado. O nome do diretor não consta nas fontes consultadas.,https://www.ufrgs.br/planetario/; https://www.ufrgs.br/planetario/o-planetario/; https://grupomccac.org/guia/brasil/sul/rio-grande-do-sul/planetario-professor-jose-baptista-pereira-ufrgs/
ufsc-nadc,sim,Núcleo de Apoio à Divulgação Científica,NADC,núcleo,Universidade Federal de Santa Catarina,UFSC,universidade federal,Pró-Reitoria de Pesquisa e Inovação (Propesq) e Secretaria de Comunicação (Secom),divulgacao_cientifica,,,,nadc@contato.ufsc.br,,https://ciencia.ufsc.br/nucleo-de-apoio-a-divulgacao-cientifica/,"Campus Universitário Reitor João David Ferreira Lima, Trindade, Florianópolis - SC, CEP 88040-900",Florianópolis,SC,-27.6,-48.52,campus,"Núcleo institucional que traduz pesquisa da universidade em linguagem acessível e atua contra a desinformação, em articulação entre pró-reitoria de pesquisa e comunicação. Modelo de arranjo institucional de interesse para a CGINA.","Projeto criado em setembro de 2022 em colaboração entre a Propesq e a Secom da UFSC, voltado a tornar a ciência de domínio público. Dissemina evidências empíricas, projetos de pesquisa e estudos em desenvolvimento na universidade, traduzidos em linguagem simples. Atua com equipe interdisciplinar junto aos coordenadores de pesquisa das unidades acadêmicas, em plataformas digitais e impressas.",parcial,2026-09-17,O nome do coordenador e o telefone não constam na página oficial.,https://ciencia.ufsc.br/nucleo-de-apoio-a-divulgacao-cientifica/; https://ciencia.ufsc.br/
ufsc-planetario-da-ufsc,sim,Planetário da UFSC,,observatório,Universidade Federal de Santa Catarina,UFSC,universidade federal,Centro de Filosofia e Ciências Humanas (CFH),divulgacao_cientifica,,Michele Monguilhott,Coordenadora,planetar@cfh.ufsc.br,(48) 3721-4133,https://planetario.ufsc.br/,"Centro de Filosofia e Ciências Humanas, Campus Universitário, Trindade, Florianópolis - SC, CEP 88040-900",Florianópolis,SC,-27.6,-48.52,campus,"Planetário universitário que atende cerca de 10 mil pessoas por ano, com programação voltada a escolas de diferentes níveis de ensino.","Planetário vinculado ao Centro de Filosofia e Ciências Humanas da UFSC, que atende cerca de 10 mil pessoas por ano em sessões, cursos, palestras e eventos. Realiza sessões em sala de projeção para público infantil e adulto, com visitas abertas semanais e visitas agendadas. Opera em conjunto com o Observatório Astronômico da UFSC para observação do céu.",verificado,2026-09-17,"A página de equipe lista três coordenadores (Michele Monguilhott, de geociências, e Antonio Nemer Kanaan Neto e Daniel Ruschel Dutra, de física), sem designar coordenação geral. Antonio Kanaan coordena o Observatório Astronômico da UFSC.",https://planetario.ufsc.br/; https://planetario.ufsc.br/equipe/; https://observatorio.ufsc.br/; https://floripamanha.org/2025/04/no-observatorio-e-no-planetario-da-ufsc-o-ceu-nao-e-o-limite/
rede-interinstitucional-de-grupos-de-pesquisa-em-universidades-publicas-brasilei,sim,Rede Universitas/Br,Universitas/Br,grupo de pesquisa,Rede interinstitucional de grupos de pesquisa em universidades públicas brasileiras,,universidade federal,Grupo de Trabalho Política de Educação Superior (GT-11) da Associação Nacional de Pós-Graduação e Pesquisa em Educação (ANPEd),politicas_publicas,,Deise Mancebo,Supervisora e coordenadora do site,,,http://www.redeuniversitas.com.br/,,,,,,,"A rede analisa e avalia a produção científica sobre educação superior no Brasil desde 1968 e reúne os principais grupos de pesquisa em política de educação superior do país. É interlocutor direto dos temas da CGINA sobre educação superior, produção científica e PNE.",A Rede Universitas/Br congrega pesquisadores de universidades públicas de todas as regiões do país que estudam política de educação superior. Analisa a produção científica sobre educação superior brasileira e mantém biblioteca virtual de documentos da área. Realiza seminários nacionais anuais e publica livros e dossiês temáticos.,parcial,2026-09-17,"A rede não é unidade de uma única universidade e por isso os campos de instituição, endereço e localização ficaram sem valor preciso. A coordenação geral tem mandato de três anos, escolhida em assembleia no seminário nacional, mas a página não nomeia a coordenação vigente. O único e-mail publicado é de domínio comercial e não foi registrado. Os grupos filiados identificados neste levantamento estão registrados nas entradas da UFG, da UFMS e da UFRGS.",http://www.redeuniversitas.com.br/; http://www.redeuniversitas.com.br/p/rede-universitas_22.html
cgee-cgee,sim,Centro de Gestão e Estudos Estratégicos,CGEE,centro,Centro de Gestão e Estudos Estratégicos,CGEE,organização social,,politicas_publicas,ciencia_de_dados,Anderson Stevens Leonidas Gomes,Diretor-presidente,,(61) 3424-9600,https://www.cgee.org.br/,"SCS Quadra 9, Torre C, 4º andar, Edifício Parque Cidade Corporate, CEP 70308-200",Brasília,DF,-15.7975,-47.8919,endereco,"O CGEE produz indicadores de ciência, tecnologia e inovação e estudos sobre formação de recursos humanos de alto nível, incluindo mestres e doutores. Os indicadores da pós-graduação brasileira e os observatórios de CT&I são insumo direto para os estudos da CGINA.","Organização social supervisionada pelo MCTI, com o MEC como instituição interveniente, que realiza estudos prospectivos em ciência, tecnologia e inovação. Produz indicadores de CT&I e mantém observatórios sobre tecnologias digitais, recursos humanos em CT&I, tecnologias espaciais e inovação em cidades sustentáveis. Publica estudos sobre a formação e a trajetória profissional de mestres e doutores no Brasil.",verificado,2026-09-17,"Natureza jurídica de organização social, com contrato de gestão com o MCTI. O e-mail institucional geral divulgado em fontes secundárias é info@cgee.org.br, não confirmado na página oficial; a página publica o contato da assessoria de comunicação, btorreao@cgee.org.br.",https://www.cgee.org.br/; https://www.cgee.org.br/noticias/-/asset_publisher/LqcvUkzzr5FI/content/contato-com-o-cgee; https://www.gov.br/mcti/pt-br/composicao/rede-mcti/centro-de-gestao-e-estudos-estrategicos
enap-gnova,sim,"GNova, Laboratório de Inovação em Governo",GNova,laboratório,Escola Nacional de Administração Pública,Enap,instituição pública de pesquisa não universitária,Diretoria de Inovação,politicas_publicas,,,,,(61) 2020-3000,https://www.enap.gov.br/pt/servicos/gnova,"SPO Área Especial 2-A, Asa Sul, CEP 70610-900",Brasília,DF,-15.8339,-47.9256,campus,O GNova desenvolve e documenta métodos de prototipagem e redesenho de serviços públicos em parceria com órgãos federais. Os métodos aplicam-se ao desenho de processos e serviços da CGINA e de suas coordenações.,"Laboratório de inovação do governo federal brasileiro, criado a partir de parceria com o governo da Dinamarca. Desenvolve soluções para problemas de gestão em projetos com instituições do governo federal, com métodos de design centrado no usuário e experimentação. Presta apoio à criação de laboratórios de inovação em outros órgãos públicos.",parcial,2026-09-17,"As páginas do GNova retornaram redirecionamento e erro 404 no acesso direto. Consta da estrutura da Enap que Patricia Baldez Américo Minervino ocupa a Coordenação-Geral de Inovação e Keicielle Schimidt de Oliveira a Coordenação-Geral de Gestão do Conhecimento e Comunidades para Inovação, mas não foi possível confirmar qual delas responde pelo laboratório.",https://www.enap.gov.br/pt/servicos/gnova; https://gnova.enap.gov.br/index.php/pt/quem-somos/equipe; http://www.enap.gov.br/fale-conosco
inep-dired,sim,Diretoria de Estudos Educacionais,Dired,diretoria,Instituto Nacional de Estudos e Pesquisas Educacionais Anísio Teixeira,Inep,instituição pública de pesquisa não universitária,,politicas_publicas,ciencia_de_dados; divulgacao_cientifica,Maria Teresa Gonzaga Alves,Diretora de Estudos Educacionais,dired@inep.gov.br,(61) 2022-3906,https://www.gov.br/inep/pt-br/composicao/diretoria-de-estudos-educacionais,"Setor de Indústrias Gráficas, Quadra 4, Lote 327, Edifício Villa Lobos, CEP 70610-908",Brasília,DF,-15.7995,-47.906,endereco,"A Dired desenvolve indicadores educacionais, monitora o Plano Nacional de Educação e mantém a coordenação de disseminação de informações e acesso a dados. A articulação entre estudos, indicadores e disseminação corresponde às atribuições previstas para a CGINA.","Diretoria do Inep que realiza estudos sobre temas educacionais, monitora os planos nacionais de educação e avalia políticas públicas de educação. Desenvolve indicadores educacionais em articulação com as demais diretorias e coordena estudos sobre financiamento educacional. Responde também pela editoração e pelos periódicos científicos do Inep e pela disseminação de informações e acesso a dados.",verificado,2026-09-17,"Coordenações-gerais: Estudos Educacionais (cgee@inep.gov.br), Disseminação de Informações (equipe.cibec@inep.gov.br), Editoração e Publicações (equipe.editoracao@inep.gov.br) e Estudos sobre Financiamento Educacional.",https://www.gov.br/inep/pt-br/composicao/diretoria-de-estudos-educacionais/autoridades; https://www.gov.br/inep/pt-br/composicao/diretoria-de-estudos-educacionais; https://www.gov.br/inep/pt-br/canais-de-atendimento/fale-conosco
ipea-disoc,sim,Diretoria de Estudos e Políticas Sociais,Disoc,diretoria,Instituto de Pesquisa Econômica Aplicada,Ipea,instituição pública de pesquisa não universitária,,politicas_publicas,ciencia_de_dados,Letícia Bartholo de Oliveira e Silva,Diretora de Estudos e Políticas Sociais,,(61) 2026-5418,https://www.ipea.gov.br/portal/categorias/72-estrutura-organizacional/204-disoc-estrutura-organizacional,"SEPS 702/902, Bloco C, Centro Empresarial Brasília 50, Torre B, 4º andar, Ala A, Asa Sul",Brasília,DF,-15.8114,-47.894,endereco,A Disoc avalia políticas públicas de educação e produz indicadores sociais a partir de bases administrativas e pesquisas domiciliares. A metodologia de avaliação de políticas educacionais é aplicável aos estudos da CGINA sobre o Sistema Nacional de Pós-Graduação.,"Diretoria do Ipea que realiza estudos e pesquisas sobre condições de vida da população brasileira e acompanha políticas sociais. Cobre seguridade e previdência social, trabalho, saúde, assistência social, direitos humanos, demografia, educação, desigualdades de gênero e raça, pobreza, cultura, habitação e segurança pública. Publica periódicos como o Boletim de Políticas Sociais.",verificado,2026-09-17,"A diretoria também opera no escritório do Rio de Janeiro, na Av. Presidente Vargas, 730, 19º andar, telefone (21) 3515-8728. A página institucional não publica e-mail da diretoria.",https://www.ipea.gov.br/portal/categorias/72-estrutura-organizacional/204-disoc-estrutura-organizacional; https://www.ipea.gov.br/portal/quem-e-quem
ipea-diest,sim,"Diretoria de Estudos e Políticas do Estado, das Instituições e da Democracia",Diest,diretoria,Instituto de Pesquisa Econômica Aplicada,Ipea,instituição pública de pesquisa não universitária,,politicas_publicas,,Luseni Maria Cordeiro de Aquino,"Diretora de Estudos e Políticas do Estado, das Instituições e da Democracia",,(61) 2026-5049,https://www.ipea.gov.br/portal/categorias/72-estrutura-organizacional/211-diretoria-de-estudos-e-politicas-do-estado-das-instituicoes-e-da-democracia-diest,"SEPS 702/902, Bloco C, Centro Empresarial Brasília 50, Torre B, 5º andar, Asa Sul",Brasília,DF,-15.8114,-47.894,endereco,"A Diest estuda arranjos institucionais, governança e funcionamento do Estado brasileiro. Os estudos sobre desenho institucional de órgãos públicos interessam à estruturação da CGINA e de suas coordenações.","Diretoria do Ipea responsável por estudos e pesquisas sobre a estrutura, a organização e o funcionamento do Estado brasileiro e de seus arranjos institucionais. Analisa as relações entre Estado, mercado e sociedade nos processos de desenvolvimento nacional. Produz pesquisas sobre burocracia federal, capacidades estatais e participação social.",verificado,2026-09-17,"A diretoria também opera no escritório do Rio de Janeiro, na Av. Presidente Vargas, 730, 17º andar, telefone (21) 3515-8741. A página institucional não publica e-mail da diretoria.",https://www.ipea.gov.br/portal/categorias/72-estrutura-organizacional/211-diretoria-de-estudos-e-politicas-do-estado-das-instituicoes-e-da-democracia-diest; https://www.ipea.gov.br/portal/quem-e-quem
unb-ceam,sim,Centro de Estudos Avançados Multidisciplinares,CEAM,centro,Universidade de Brasília,UnB,universidade federal,Reitoria da UnB (centro vinculado diretamente à Reitoria),politicas_publicas,,Mário Lima Brasil,Diretor,direcaoceam@unb.br,(61) 3107-5802,https://ceam.unb.br/,"Campus Universitário Darcy Ribeiro, Pavilhão Multiuso 1, Bloco A, 1º andar, Sala A1 45/4, Asa Norte, Brasília-DF, CEP 70910-900",Brasília,DF,-15.762,-47.87,campus,"Abriga, no eixo Políticas Públicas, o Núcleo de Pesquisa sobre o Ensino Superior da Universidade de Brasília (NESUB) e o Núcleo de Política Científica, Tecnológica e Sociedade (NP+CTS). Mantém o Núcleo de Estudos e Pesquisa em Políticas Sociais (NEPPOS) e o Programa de Pós-Graduação em Políticas Públicas para Infância e Juventude (PPGPPIJ), que tratam de avaliação e formulação de políticas públicas.","Centro criado em 1986 pelo Ato da Reitoria nº 105, de 29 de abril de 1986, vinculado diretamente à Reitoria da UnB. Reúne 30 núcleos temáticos organizados em cinco eixos (Direitos Humanos, Políticas Públicas, Desenvolvimento, Meio Ambiente e Sociedade, Contextos Regionais e Internacionais, Linguagem, Comunicação, Cultura e Arte) e três programas de pós-graduação stricto sensu (PPGDSCI, PPGDH e PPGPPIJ). O eixo Políticas Públicas abriga os núcleos NEPPOS, NESP, NESPROM, NPH, NP+CTS, n-Futuros, NEOMNI/TEL/TEC, NEDAI e NESUB.",verificado,2026-09-17,"O centro existe com o mesmo nome. A página oficial está ativa em 2026, com edital interno de setembro de 2026 e registro da celebração de 40 anos em abril de 2026. A página Diretoria lista Mário Lima Brasil como diretor, sem indicar período de mandato nem vice-diretor. Uma notícia do NEIJ (sem data acessível, página retornou erro 502) cita Maria Lúcia Pinto Leal como nova diretora. Foi mantido o nome da página oficial do CEAM. Contato registrado é o da Secretaria da Direção. Outros e-mails institucionais: ceam@unb.br (graduação) e assessoria.ceam@unb.br (secretaria administrativa).",https://ceam.unb.br/; https://ceam.unb.br/quem-somos/; https://ceam.unb.br/nucleos/eixos-estrategicos; https://ceam.unb.br/contato/; https://ceam.unb.br/diretoria/
unb-ceag,sim,Centro de Estudos Avançados de Governo e Administração Pública,CEAG,centro,Universidade de Brasília,UnB,universidade federal,"Faculdade de Economia, Administração, Contabilidade e Gestão de Políticas Públicas (FACE)",politicas_publicas,ciencia_de_dados,Luiz Guilherme de Oliveira,Diretor,ceag@unb.br,(61) 3107-7961,https://ceag.unb.br/,"Campus Universitário Darcy Ribeiro, Pavilhão Multiuso I (PMU-I), Bloco B, térreo, Brasília-DF, CEP 70910-900",Brasília,DF,-15.762,-47.87,campus,"Pesquisa política de ciência, tecnologia e inovação e monitoramento e avaliação de políticas públicas. Desenvolve tecnologias de apoio à formulação e avaliação de políticas com sistemas geoespaciais e grandes bases de dados, o que interessa à CGINA para indicadores de desempenho de políticas e para critérios de atuação em regiões prioritárias.","Centro criado em dezembro de 2003 na FACE/UnB. Reúne docentes, pesquisadores e estudantes de várias unidades da UnB e de outras instituições para ensino, pesquisa e extensão sobre governo e administração pública. Desenvolve metodologias e sistemas de apoio à decisão para as etapas de análise de políticas públicas, com uso de sistemas geoespaciais e grandes bases de dados. Abriga projetos sobre políticas de CT&I e monitoramento de políticas públicas e oferta mestrado em Gestão Econômica da Inovação Tecnológica.",verificado,2026-09-17,"Diretor e vice-diretor (Antônio Nascimento Junior) confirmados na página Equipe. A página Diretoria retornou erro 404 e a página O CEAG retornou erro 403 na data da verificação. A página inicial apresenta a sigla FACE como Faculdade de Economia, Administração, Contabilidade.",https://ceag.unb.br/; http://ceag.unb.br/equipe; http://ceag.unb.br/pesquisadores
ufg-grupo-de-pesquisa-estado-politica-e-historia-da-educacao,sim,"Grupo de Pesquisa Estado, Política e História da Educação",,grupo de pesquisa,Universidade Federal de Goiás,UFG,universidade federal,"Faculdade de Educação (FE), Programa de Pós-Graduação em Educação (PPGE)",politicas_publicas,,João Ferreira de Oliveira,Líder do grupo de pesquisa e professor do PPGE/FE/UFG,ppge.fe@ufg.br,(62) 3209-6321,https://ppge.fe.ufg.br/p/44279-joao-ferreira-de-oliveira,"Rua 235 (Delenda Rezende de Melo), s/n, Setor Universitário, Faculdade de Educação, Sala 249, Campus Colemar Natal e Silva, Goiânia-GO, CEP 74605-050",Goiânia,GO,-16.679,-49.257,campus,"Estuda políticas de expansão, regulação e qualidade da educação superior e as metas do PNE 2014-2024, com projeto CNPq vigente de 2021 a 2025 sobre o tema. O líder coordenou a Rede Universitas/Br (2014-2016) e o GT 11 da ANPEd, o que dá ao grupo inserção nacional em estudos sobre educação superior e pós-graduação.","Grupo de pesquisa registrado no Diretório dos Grupos de Pesquisa do CNPq, liderado por João Ferreira de Oliveira e vinculado à linha Estado, Políticas e História da Educação do PPGE/FE/UFG. Pesquisa políticas educacionais, regulação e expansão da educação superior no contexto do PNE. Integra a Rede Universitas/Br, rede nacional de pesquisadores em políticas de educação superior articulada ao GT 11 da ANPEd, cujo projeto Políticas de Expansão da Educação Superior no Brasil pós-LDB tem o PPGE/UFG entre as instituições participantes.",verificado,2026-09-17,"O grupo não tem página própria. Dados obtidos na página do docente e na notícia do projeto Universitas no site do PPGE/UFG. O nome sugerido no enunciado (Grupo de Estudos e Pesquisas em Política e Gestão da Educação Superior) não consta nas páginas oficiais da FE/UFG. Foi registrado o nome informado na página do PPGE. A FE/UFG mantém também o GEPED (Grupo de Estudos Políticas Educacionais), coordenado por Miriam Fábia Alves. E-mail institucional do líder: joao_ferreira_oliveira@ufg.br. Contato registrado é o da secretaria do PPGE. A Rede Universitas/Br é coordenada por Deise Mancebo e publica apenas e-mail não institucional, por isso a rede não foi registrada como unidade.",https://ppge.fe.ufg.br/p/44279-joao-ferreira-de-oliveira; https://ppge.fe.ufg.br/n/49771-projeto-universitas-gt-11-politicas-de-eduucacao-superior-da-anped-projeto-politicas-de-expansao-da-educacao-superior-no-brasil-pos-ldb; https://ppge.fe.ufg.br/p/44249-docentes-e-linhas-de-pesquisa; https://fe.ufg.br/p/24194-grupos-de-estudos; https://fe.ufg.br/n/168-localizacao; http://www.redeuniversitas.com.br/p/rede-universitas_22.html
ufg-lde,sim,Laboratório de Dados Educacionais,LDE,laboratório,Universidade Federal de Goiás,UFG,universidade federal,"Faculdade de Administração, Ciências Contábeis e Ciências Econômicas (FACE)",politicas_publicas,ciencia_de_dados,Thiago Alves,Coordenador (UFG),thiagoalves.edu@ufg.br,(62) 3521-1390,https://dadoseducacionais.c3sl.ufpr.br/,"Faculdade de Administração, Ciências Contábeis e Ciências Econômicas (FACE), Campus Samambaia, Goiânia-GO, CEP 74690-900",Goiânia,GO,-16.604,-49.265,campus,"Produz indicadores educacionais com séries históricas, da educação básica à superior, a partir de microdados abertos do INEP, e mantém plataforma pública de consulta. A unidade da UFG, coordenada por Thiago Alves, atua em financiamento da educação, custo aluno-qualidade, condições de trabalho docente e indicadores educacionais, temas ligados ao PNE e à formação de professores.","Laboratório interinstitucional que reúne docentes, técnicos e estudantes do Departamento de Planejamento e Administração Escolar (DEPLAE) e do Centro de Computação Científica e Software Livre (C3SL) da UFPR e da FACE/UFG, com apoio do Instituto de Informática e da Fábrica de Software da UFG. Mantém plataforma pública de indicadores educacionais construída a partir de microdados do INEP, financiada pelo MEC. Coordena o SimCAQ, simulador de custo aluno-qualidade, e desenvolve painel de condições de trabalho docente.",verificado,2026-09-17,"Registro da unidade da UFG. A unidade da UFPR será registrada por outro pesquisador. O site oficial do LDE foi aberto, mas devolve apenas o título por depender de renderização em navegador. Nome, vinculação e coordenação foram confirmados na página do NuPE/UFPR e em páginas institucionais da UFG (projeto Quanto Vale a Educação no INF/UFG, notícia da Fábrica de Software e perfil do coordenador no PPGADM/FACE). A vinculação em Goiás é a FACE/UFG e não a Faculdade de Educação, como indicava o enunciado. Leonardo Antônio Alves (INF/UFG) também integra a coordenação. Telefone e e-mail são os publicados no perfil institucional do coordenador no PPGADM/FACE. Não foi encontrada menção a microdados da CAPES nas páginas consultadas.",https://dadoseducacionais.c3sl.ufpr.br/; https://nupe.ufpr.br/labdados.html; https://sqve.inf.ufg.br/equipe; https://fabrica.inf.ufg.br/n/fabrica-recebe-coordenadores-lde; https://ppgadm.face.ufg.br/p/33794-lp2-thiago-alves; https://ufg.br/e/22713-curso-analise-de-dados-educacionais-com-spss-nivel-1
ufms-geppes-mb,sim,Grupo de Estudos e Pesquisa Políticas de Educação Superior Mariluce Bittar,GEPPES/MB,grupo de pesquisa,Universidade Federal de Mato Grosso do Sul,UFMS,universidade federal,"Faculdade de Educação (FAED), Programa de Pós-Graduação em Educação (PPGEdu)",politicas_publicas,,Carina Elisabeth Maciel,Coordenadora,,(67) 3345-7617,https://ppgedu.ufms.br/programa/grupos-de-estudos/grupo-de-estudos-e-pesquisa-politicas-de-educacao-superior-mariluce-bittar-geppes-mb/,"Av. Costa e Silva, s/n, Bairro Universitário, Campo Grande-MS, CEP 79070-900",Campo Grande,MS,-20.505,-54.614,campus,"Estuda políticas de acesso, permanência e inclusão na educação superior, temas ligados ao PNE e à avaliação de políticas de expansão. Integra a Rede Universitas/Br, o que o conecta à rede nacional de pesquisa sobre educação superior e pós-graduação.","Grupo criado em 1999 e vinculado ao PPGEdu da Faculdade de Educação da UFMS. Pesquisa políticas de educação superior nacionais e internacionais, com foco em acesso e permanência, inclusão, evasão, ações afirmativas, políticas de cotas, estudante trabalhador e ensino noturno. Integra a Rede Universitas/Br e participa do projeto coletivo Políticas, gestão e direito à educação superior: novos modos de regulação e tendências em construção.",verificado,2026-09-17,"Coordenação compartilhada com Ana Luisa Alves Cordeiro. A página publica apenas e-mail não institucional da coordenadora, por isso o campo ficou vazio. Telefone e endereço são os da secretaria do PPGEdu/FAED. O nome oficial usa travessão entre o título do grupo e o nome da homenageada.",https://ppgedu.ufms.br/programa/grupos-de-estudos/grupo-de-estudos-e-pesquisa-politicas-de-educacao-superior-mariluce-bittar-geppes-mb/; https://ppgedu.ufms.br/
ufba-crh,sim,Centro de Estudos e Pesquisas em Humanidades,CRH,centro,Universidade Federal da Bahia,UFBA,universidade federal,Faculdade de Filosofia e Ciências Humanas (FFCH),politicas_publicas,,Lúcia Alvares Pedreira,Coordenadora,crh@ufba.br,(71) 3283-5850 / 3283-5852 / 3283-5854,https://crh.ufba.br/,"Estrada de São Lázaro, 197, Federação, CEP 40210-730",Salvador,BA,-13.0027,-38.5083,campus,"O centro mantém a linha de pesquisa Instituições Políticas, Governo e Políticas Públicas e a linha Trabalho, Classes e Desigualdades, com produção sobre o Nordeste. Edita o periódico Caderno CRH, classificado como Qualis A1, o que o torna referência para estudos sobre produção científica em ciências sociais na região prioritária.","O CRH é um centro de estudos interdisciplinar e interdepartamental da FFCH/UFBA, voltado principalmente à pesquisa básica e aplicada em ciências sociais e, de modo subsidiário, a atividades de extensão e ensino. Reúne pesquisadores em cinco linhas: trabalho e desigualdades, instituições políticas e políticas públicas, teoria e pensamento político, história de partidos e movimentos, e produção social do espaço urbano. Publica o Caderno CRH com periodicidade trimestral.",verificado,2026-09-17,"Unidade anteriormente denominada Centro de Recursos Humanos, origem da sigla CRH. O site do centro não nomeia a coordenação. O nome da coordenadora consta na página institucional da UFBA sobre a estrutura de órgãos.",https://crh.ufba.br/; https://crh.ffch.ufba.br/Contact; https://www.ufba.br/estrutura/outros_orgaos/centro-de-estudos-e-pesquisas-em-humanidades-crh; https://crh.ffch.ufba.br/centro-de-estudos-e-pesquisas-em-humanidades-crhufba
ufba-isc,sim,Instituto de Saúde Coletiva,ISC,instituto,Universidade Federal da Bahia,UFBA,universidade federal,"Unidade universitária da UFBA, vinculada diretamente à administração central",politicas_publicas,,Joilda Silva Nery,Diretora,isc@ufba.br,(71) 3283-7373,https://isc.ufba.br/,"Rua Basílio da Gama, s/nº, Campus Universitário Canela, CEP 40110-040",Salvador,BA,-12.9922,-38.5215,campus,"O instituto tem linha consolidada de avaliação de políticas e programas públicos de saúde, com cooperação técnica com o Ministério da Saúde e produção de metodologias de avaliação de impacto. Mantém programa de pós-graduação em Saúde Coletiva e cursos de residência e especialização em planejamento, gestão e avaliação, o que o torna referência para estudos sobre avaliação de programas e formação de pessoal no Nordeste.","O ISC é uma unidade universitária da UFBA dedicada a ensino, pesquisa e cooperação técnica em Saúde Coletiva. Organiza-se em programas integrados de pesquisa, entre eles o Programa Integrado de Pesquisa e Cooperação Técnica em Planejamento, Gestão e Avaliação em Saúde e o Programa de Economia, Tecnologia e Inovação em Saúde (PECS). O PECS conduziu o projeto de apoio à institucionalização da pesquisa em avaliação de políticas de saúde no Ministério da Saúde e produziu um mapa de evidências sobre métodos de avaliação de programas e políticas.",verificado,2026-09-17,"A linha de avaliação de políticas foi confirmada pela lista de programas integrados e por notícias institucionais sobre o Avalia SUS e o mapa de evidências. A página específica do programa de Planejamento, Gestão e Avaliação em Saúde está em construção. Os e-mails da direção publicados são pessoais e não foram registrados.",https://isc.ufba.br/; https://isc.ufba.br/conheca-o-iscufba/; https://isc.ufba.br/contact-2/; https://isc.ufba.br/direcao/; https://isc.ufba.br/planejamento-gestao-avaliacao-em-saude/; https://isc.ufba.br/mapa-avaliacao-de-politicas-saude/
ufc-lep,sim,Laboratório de Estudos da Pobreza,LEP,laboratório,Universidade Federal do Ceará,UFC,universidade federal,Programa de Pós-Graduação em Economia (CAEN),politicas_publicas,ciencia_de_dados,,,sec_caen@caen.ufc.br,(85) 3366-7751,https://lepcaen.ufc.br/pt/,"Av. da Universidade, 2762, Prédio CAEN/História, 1º e 2º andares, Benfica, CEP 60020-181",Fortaleza,CE,-3.7408,-38.5372,campus,"O laboratório produz indicadores sociais e de bem-estar para o Brasil, regiões e unidades da federação a partir de microdados de pesquisas domiciliares, com ênfase no Nordeste e no Ceará. Desenvolve instrumentos de teste e avaliação de políticas públicas, o que interessa à CGINA para indicadores de desempenho de políticas em região prioritária.","O LEP é um centro de pesquisa instalado no CAEN/UFC, criado em dezembro de 2005, com a finalidade de estudar causas e consequências da pobreza e da desigualdade social no Brasil. Testa cientificamente teorias sobre pobreza e desigualdade e cria instrumentos para avaliar políticas públicas. Publica a série Análise LEP, com dados de renda baseados na PNAD Contínua, a série Ensaios sobre Pobreza e Desigualdade, relatórios de pesquisa e notas técnicas.",verificado,2026-09-17,"As páginas do laboratório não nomeiam coordenador. O e-mail e o telefone são da secretaria do CAEN, publicados na página do LEP no site do CAEN. A página de equipe lista nove pesquisadores do CAEN, do campus de Sobral da UFC e do IPECE.",https://lepcaen.ufc.br/pt/; https://lepcaen.ufc.br/pt/sobre-o-lep/; https://lepcaen.ufc.br/pt/equipe/; https://caen.ufc.br/pt/pesquisa/laboratorios-centros-de-pesquisa/laboratorio-de-estudos-da-pobreza-2/
ufma-gaepp,sim,Grupo de Avaliação e Estudo da Pobreza e de Políticas Direcionadas à Pobreza,GAEPP,grupo de pesquisa,Universidade Federal do Maranhão,UFMA,universidade federal,"Departamento de Serviço Social, articulado ao Programa de Pós-Graduação em Políticas Públicas",politicas_publicas,,,,,(98) 3301-8667,https://www.gaepp.ufma.br/,"Av. dos Portugueses, 1966, Bacanga, CEP 65080-805",São Luís,MA,-2.558,-44.3056,campus,"O grupo tem linha de pesquisa em metodologia de análise e avaliação de políticas públicas e em políticas de educação profissional. Mantém o Observatório Social e do Trabalho, que sistematiza dados secundários sobre mercado de trabalho e pobreza no Maranhão, estado da região prioritária.","O GAEPP é um grupo interdisciplinar da UFMA que reúne professores de diversos departamentos e alunos de graduação e pós-graduação. Desenvolve pesquisa, consultoria e assessoria sobre pobreza, trabalho e políticas sociais, com centro na análise e avaliação de políticas públicas. Suas linhas incluem política de assistência social, trabalho e renda, programas de transferência monetária, políticas de educação profissional e avaliação de políticas e programas sociais. Publica Cadernos de Pesquisa e o Boletim do Observatório Social e do Trabalho.",verificado,2026-09-17,"O site não nomeia coordenação atual. A página de integrantes lista sete professores. O único e-mail publicado é de domínio gmail e não foi registrado. O site publica dois endereços para o campus do Bacanga, com CEPs 65080-805 e 65085-580.",https://www.gaepp.ufma.br/; https://www.gaepp.ufma.br/integrantes/; https://www.gaepp.ufma.br/quem-somos/; https://www.gaepp.ufma.br/observatorio/
ufpb-ppgave,sim,"Programa de Pós-Graduação em Políticas Públicas, Gestão e Avaliação da Educação",PPGAVE,programa,Universidade Federal da Paraíba,UFPB,universidade federal,Centro de Educação (CE),politicas_publicas,,Edineide Jezine,Coordenadora,ppgaes@ce.ufpb.br,(83) 3209-8219,https://www.ce.ufpb.br/ppgave/,"Centro de Educação, Cidade Universitária, CEP 58051-900",João Pessoa,PB,-7.1369,-34.8457,campus,"O programa é um mestrado profissional dedicado a políticas públicas, gestão e avaliação da educação, criado com foco na educação superior e voltado a servidores técnico-administrativos de instituições de ensino. Sua produção de dissertações e produtos técnicos trata diretamente de avaliação institucional, gestão universitária e políticas de educação superior, temas centrais para a CGINA no PNE e no PNPG.",O PPGAVE é um mestrado profissional do Centro de Educação da UFPB em funcionamento desde 13 de março de 2015. Seu objetivo é formar profissionais com capacidade teórico-analítica e operacional para compreender e avaliar políticas públicas em educação. Oferece turmas para servidores técnico-administrativos e publica dissertações e produtos técnicos e tecnológicos resultantes das pesquisas.,verificado,2026-09-17,"Antes denominado Programa de Pós-Graduação em Políticas Públicas, Gestão e Avaliação da Educação Superior (PPGAES), sigla mantida no e-mail institucional. O site do programa publica apenas o telefone geral da UFPB, (83) 3216-7200. O e-mail e o telefone específicos constam no portal SIGAA da UFPB, que também registra o nome da coordenadora como Edineide Jezini Mesquita e o vice-coordenador José Jassuípe da Silva Morais.",https://www.ce.ufpb.br/ppgave/; https://www.ce.ufpb.br/ppgave/equipe-administrativa/; https://www.ce.ufpb.br/ppgave/contatos/; https://sigaa.ufpb.br/sigaa/public/programa/apresentacao.jsf?lc=pt_br&id=2847
fundaj-dipes,sim,Diretoria de Pesquisas Sociais,Dipes,diretoria,Fundação Joaquim Nabuco,Fundaj,instituição pública de pesquisa não universitária,,politicas_publicas,divulgacao_cientifica,Luciana Marques,Diretora de Pesquisas Sociais,luciana.marques@fundaj.gov.br,(81) 3073-6479,https://www.gov.br/fundaj/pt-br,"Avenida 17 de Agosto, 2187, Casa Forte, CEP 52061-540",Recife,PE,-8.0281,-34.9155,endereco,"A Dipes conduz pesquisa social aplicada e avaliação de políticas públicas de educação no Nordeste, em instituição federal de pesquisa vinculada ao MEC. Interessa à CGINA como parceira em estudos e avaliação de políticas educacionais.","Diretoria da Fundação Joaquim Nabuco responsável pelas pesquisas sociais da instituição. Conduz estudos sobre educação, trabalho, desigualdades e desenvolvimento regional no Nordeste. A Fundaj é fundação pública vinculada ao Ministério da Educação, com sede em Recife.",parcial,2026-09-17,"As páginas do domínio fundaj.gov.br e gov.br/fundaj retornaram tela de verificação CAPTCHA; os dados de direção, contato e endereço foram obtidos em resultado de busca sobre as páginas oficiais e precisam de reconferência. Contato geral da Fundaj: faleconosco@fundaj.gov.br, (81) 3073-6363.",https://www.gov.br/fundaj/pt-br/assuntos/a-fundaj; https://www.fundaj.gov.br/index.php/cieg-contato; https://www.gov.br/fundaj/pt-br
ufpi-nipp,sim,Núcleo de Pesquisa em Instituições e Políticas Públicas,NIPP,núcleo,Universidade Federal do Piauí,UFPI,universidade federal,Programa de Pós-Graduação em Ciência Política,politicas_publicas,,,,nipp@ufpi.edu.br,(86) 3237-1692,https://nipp.ufpi.edu.br/,,Teresina,PI,-5.0562,-42.7943,campus,"O núcleo pesquisa instituições políticas e políticas públicas regionais e locais do Piauí, estado da região prioritária, e reúne pesquisadores dos programas de pós-graduação em Ciência Política, Sociologia e Administração da UFPI. Interessa à CGINA como ponto de contato para estudos sobre capacidade institucional e implementação de políticas no Nordeste.","O NIPP é um núcleo de pesquisa da UFPI criado em 2012 e vinculado ao Programa de Pós-Graduação em Ciência Política. Propõe-se a contribuir para pesquisas, projetos de extensão e de ensino em dois eixos: instituições políticas e políticas públicas. Suas pesquisas tratam de reformas do Estado, análise institucional, papel do Supremo Tribunal Federal, corrupção e políticas públicas regionais e locais do Piauí, com seminários nacionais e internacionais.",verificado,2026-09-17,"O site não publica endereço físico. As coordenadas referem-se ao Campus Ministro Petrônio Portella, em Teresina. A página de pesquisadores registra que a professora Monique Menezes criou o núcleo em 2012, sem indicar cargo formal de coordenação.",https://nipp.ufpi.edu.br/; https://nipp.ufpi.edu.br/sobre; https://nipp.ufpi.edu.br/sobre/pesquisadores
ufam-gppe,sim,Grupo de Estudos e Pesquisas Políticas Públicas e Educação,Gppe,grupo de pesquisa,Universidade Federal do Amazonas,UFAM,universidade federal,"Programa de Pós-Graduação em Educação, Faculdade de Educação",politicas_publicas,,Selma Suely Baçal de Oliveira,Líder,,,https://ppge.ufam.edu.br/grupos-laboratorios-e-nucleos-de-pesquisa.html,"Campus Universitário Senador Arthur Virgílio Filho, Faculdade de Educação, Manaus, AM",Manaus,AM,-3.0958,-59.9744,campus,O grupo pesquisa políticas públicas e educação na Amazônia e está vinculado a programa de pós-graduação em educação. Interessa aos temas da CGINA sobre política educacional e atuação em regiões prioritárias.,O Gppe foi criado em 2008 e é certificado no Diretório de Grupos de Pesquisa do CNPq. Está vinculado ao Programa de Pós-Graduação em Educação da UFAM e pesquisa políticas públicas e educação com foco na Amazônia.,verificado,2026-09-17,"Vice-líder: Sonia Selene Baçal de Oliveira. A página do PPGE/UFAM não publica endereço, e-mail ou telefone dos grupos. O mesmo programa abriga o GEPPEvi, criado em 2019 e liderado por Maria Nilvane Fernandes, e o Grupespe, criado em 2021 e liderado por Camila Ferreira da Silva, candidatos a verificação futura.",https://ppge.ufam.edu.br/grupos-laboratorios-e-nucleos-de-pesquisa.html; https://ppge.ufam.edu.br/nucleos-de-pesquisa.html
ufopa-lepe-odesta,sim,"Laboratório Integrado de Ensino, Pesquisa e Extensão do Observatório de Desenvolvimento Econômico, Social, Territorial e Ambiental",LEPE-ODESTA,laboratório,Universidade Federal do Oeste do Pará,UFOPA,universidade federal,Instituto de Ciências da Sociedade,politicas_publicas,ciencia_de_dados,Abner Vilhena de Carvalho,Coordenador,,,https://ics.ufopa.edu.br/ics/instituto/laboratorios/obcrit/,"Campus Santarém, Unidade Tapajós, BMT I, 2º andar, Sala 323B, e Unidade Boulevard, Av. Mendonça Furtado, 2946, Fátima, Santarém, PA, CEP 68040-070",Santarém,PA,-2.4431,-54.7083,cidade,O laboratório produz análises quantitativas sobre desenvolvimento regional e políticas públicas no oeste do Pará. Interessa aos critérios de atuação da CAPES em regiões prioritárias e ao uso de dados territoriais para políticas.,"O LEPE-ODESTA é laboratório do Instituto de Ciências da Sociedade da UFOPA, formalizado pela Portaria nº 13/2023 do ICS. Pesquisa crescimento econômico, desenvolvimento regional, criminalidade, funções do Estado e políticas públicas. Organiza o trabalho em cinco linhas de pesquisa, com uso de geotecnologias e de métodos quantitativos e qualitativos.",verificado,2026-09-17,"Vice-coordenador: Ênio Erasmo de Oliveira Ramalho. Os telefones publicados na página são celulares e não foram registrados, conforme a regra de contato institucional. A página não publica e-mail.",https://ics.ufopa.edu.br/ics/instituto/laboratorios/obcrit/
ufpa-naea,sim,Núcleo de Altos Estudos Amazônicos,NAEA,núcleo,Universidade Federal do Pará,UFPA,universidade federal,Órgão suplementar vinculado à Reitoria,politicas_publicas,,Armin Mathis,Diretor,,(91) 3201-7231,https://www.naea.ufpa.br/,"Rua Augusto Corrêa, 01, Campus Universitário do Guamá, Setor Profissional, Guamá, Belém, PA, CEP 66075-110",Belém,PA,-1.4746,-48.4529,campus,O núcleo mantém pós-graduação com nota 7 na avaliação da CAPES e programas voltados a gestão pública e desenvolvimento regional na Amazônia. É referência para os critérios de atuação da CAPES em regiões prioritárias e para o modelo de núcleo de altos estudos em universidade pública.,"O NAEA faz ensino de pós-graduação, pesquisa socioeconômica regional e extensão sobre a Amazônia. Abriga o Programa de Pós-Graduação em Desenvolvimento Sustentável do Trópico Úmido (PPGDSTU), o Programa de Pós-Graduação em Gestão Pública do Desenvolvimento (PPGGPD) e cursos lato sensu. Publica a revista Novos Cadernos NAEA e séries de textos para discussão.",verificado,2026-09-17,"O e-mail publicado para a direção na página institucional da UFPA é de domínio comercial e não foi registrado. O e-mail institucional do Programa de Pós-Graduação em Gestão Pública do Desenvolvimento é ppggpd@ufpa.br, telefone (91) 3201-8775. O PPGGPD informou em janeiro de 2024 que o mestrado profissional está em processo de mudança e não ofertará novas turmas.",https://www.naea.ufpa.br/; https://ufpa.br/orgaos/nucleo-de-altos-estudos-amazonicos/; http://www.naea.ufpa.br/index.php/institucional-regimento/71-naea; https://www.ppggp.propesp.ufpa.br/index.php/br/
uft-neped,sim,"Núcleo de Estudos e Pesquisas em Educação, Políticas Públicas e Desigualdade Social",Neped,núcleo,Universidade Federal do Tocantins,UFT,universidade federal,Núcleo de pesquisa e extensão institucionalizado pela Resolução nº 12/2018 do Consepe,politicas_publicas,,,,,,https://www.uft.edu.br/nucleos-de-pesquisa-e-extensao/neped,,Palmas,TO,-10.17856,-48.35978,campus,O núcleo estuda o impacto de políticas públicas de inclusão sobre as práticas educacionais no Tocantins. Interessa aos temas da CGINA sobre política educacional e atuação em regiões prioritárias.,"O Neped foi criado em 2018 pela Resolução nº 12/2018 do Consepe da UFT. Desenvolve estudos, cursos de extensão e pós-graduação lato sensu nas áreas de educação, cultura, assistência social e políticas públicas. Pesquisa a relação entre pobreza, desigualdade social e educação e o impacto das políticas públicas de inclusão no Brasil e no Tocantins.",parcial,2026-09-17,"A página oficial de localização e contatos do núcleo informa que ainda não há dados cadastrados. Coordenação, campus, endereço e contato não foram confirmados. A UFT mantém também o Neppur, Núcleo de Extensão e Pesquisa em Planejamento Urbano Integrado e Sustentável, candidato a verificação futura. A página do núcleo não informa campus nem endereço. O ponto no mapa usa a sede da universidade, em Palmas, com precisão de cidade, conforme a regra de precisão declarada do projeto.",https://www.uft.edu.br/nucleos-de-pesquisa-e-extensao; https://www.uft.edu.br/nucleos-de-pesquisa-e-extensao/neped; https://www.uft.edu.br/nucleos-de-pesquisa-e-extensao/neped/localizacao-e-contatos
ufes-nepe,sim,Núcleo de Estudos e Pesquisas em Políticas Educacionais,NEPE,núcleo,Universidade Federal do Espírito Santo,UFES,universidade federal,Centro de Educação,politicas_publicas,,Eliza Bartolozzi Ferreira,Coordenadora,,,https://ce.ufes.br/nucleo-de-estudos-e-pesquisas-em-politicas-educacionais-nepe,"Centro de Educação, Campus de Goiabeiras, Vitória, ES",Vitória,ES,-20.2766,-40.3044,campus,O núcleo pesquisa políticas educacionais e formação de professores e articula pesquisa e extensão com as redes de ensino do Espírito Santo. Interessa aos temas da CGINA sobre política educacional e PNE.,"O NEPE foi criado em 2007 no Centro de Educação da UFES para reunir as ações de pesquisa e extensão em políticas educacionais. Investiga planejamento, implementação e avaliação de políticas educacionais e gestão dos sistemas de ensino. Atua junto aos sistemas educacionais do Espírito Santo.",verificado,2026-09-17,"Coordenadora adjunta: Juverci Fonseca Bittencourt. O único e-mail publicado na página é de domínio comercial e não foi registrado, conforme a regra de contato institucional.",https://ce.ufes.br/nucleo-de-estudos-e-pesquisas-em-politicas-educacionais-nepe; https://educacao.ufes.br/pt-br/pos-graduacao/PPGE
ufjf-caed,sim,Centro de Políticas Públicas e Avaliação da Educação,CAEd,centro,Universidade Federal de Juiz de Fora,UFJF,universidade federal,,politicas_publicas,ciencia_de_dados,,,,,https://www2.ufjf.br/ufjf/,,Juiz de Fora,MG,-21.7642,-43.3503,cidade,O centro opera avaliações educacionais em larga escala e produz indicadores para redes estaduais e municipais de ensino. A experiência com avaliação e indicadores educacionais interessa ao trabalho da CGINA com indicadores de desempenho de políticas e com o PNE.,O CAEd atua na avaliação educacional em larga escala e no desenvolvimento de sistemas de avaliação e de indicadores para redes públicas de ensino. Mantém o mestrado profissional em gestão e avaliação da educação pública da UFJF.,parcial,2026-09-17,"As páginas caed.ufjf.br, www2.ufjf.br/caed, caedufjf.net e institucional.caed.ufjf.br não responderam durante a verificação (conexão recusada e redirecionamentos). O portal da UFJF confirma a existência da Fundação CAEd com o nome Centro de Políticas Públicas e Avaliação da Educação e registra projetos sob sua gestão. Coordenação, contato, endereço e vinculação formal precisam de nova verificação.",https://www2.ufjf.br/ufjf/
ufmg-cedeplar,sim,Centro de Desenvolvimento e Planejamento Regional,Cedeplar,centro,Universidade Federal de Minas Gerais,UFMG,universidade federal,Faculdade de Ciências Econômicas,politicas_publicas,ciencia_de_dados,Bernardo Campolina,Diretor,,,https://www.cedeplar.ufmg.br/,"Av. Presidente Antônio Carlos, 6627, Faculdade de Ciências Econômicas, Pampulha, Belo Horizonte, MG, CEP 31270-901",Belo Horizonte,MG,-19.87,-43.9666,campus,O centro mantém pós-graduação em demografia e em economia e produz estudos com dados sobre desenvolvimento regional e avaliação de políticas. Os indicadores demográficos e regionais que produz servem à definição de critérios de atuação em regiões prioritárias.,"O Cedeplar foi criado em 1967 e é órgão complementar da Faculdade de Ciências Econômicas da UFMG. Abriga os programas de pós-graduação em demografia e em economia e organiza grupos de pesquisa em desenvolvimento regional, demografia e avaliação de políticas. Publica textos para discussão e promove seminários.",verificado,2026-09-17,Vice-diretor: José Irineu Rangel Rigotti. Mandato da diretoria de 2025 a 2027. O site não publica e-mail nem telefone geral e remete à página de setores.,https://www.cedeplar.ufmg.br/; https://www.cedeplar.ufmg.br/cedeplar/sobre; https://www.cedeplar.ufmg.br/contato/
fgv-fgv-social,sim,Centro de Políticas Sociais da Fundação Getulio Vargas,FGV Social,centro,Fundação Getulio Vargas,FGV,universidade privada,Fundação Getulio Vargas,politicas_publicas,ciencia_de_dados,Marcelo Neri,Diretor,fgvsocial@fgv.br,(21) 3799-6320,https://cps.fgv.br/home,"Rua Barão de Itambi, 60, Sala 807, Botafogo, Rio de Janeiro, RJ, CEP 22231-000",Rio de Janeiro,RJ,-22.94103,-43.17999,campus,"O centro produz análises com microdados sobre desigualdade, pobreza, acesso à educação e mercado de trabalho. A metodologia de uso de microdados para avaliar políticas interessa ao trabalho da CGINA com indicadores.","O FGV Social faz pesquisa aplicada sobre políticas sociais brasileiras, desigualdade de renda e pobreza. Usa microdados para analisar distribuição de renda, acesso à educação, emprego e mobilidade econômica. Publica livros, artigos e plataformas interativas de dados.",verificado,2026-09-17,O centro também é identificado como Centro de Políticas Sociais (CPS).,https://cps.fgv.br/home; https://cps.fgv.br/contato
uff-nap,sim,Núcleo de Avaliação e Análise de Políticas Sociais,NAP,núcleo,Universidade Federal Fluminense,UFF,universidade federal,"Programa de Estudos Pós-Graduados em Política Social, Escola de Serviço Social",politicas_publicas,,Lenaura de Vasconcelos Costa Lobato,Coordenadora,pps.ess@id.uff.br,(21) 2629-2752,https://politicasocial.uff.br/nap/,"Rua Professor Marcos Waldemar de Freitas Reis, Bloco E, 3º andar, Campus do Gragoatá, São Domingos, Niterói, RJ, CEP 24210-201",Niterói,RJ,-22.9016,-43.1281,campus,"O núcleo faz avaliação de programas sociais e análise da institucionalização dos sistemas de proteção social, com métodos aplicáveis à avaliação de programas federais.","O NAP foi criado em 2002 e faz análise e avaliação de políticas sociais. Suas linhas de pesquisa são avaliação de programas assistenciais, de saúde, de transferência de renda e de segurança alimentar, análise da institucionalização dos sistemas de proteção social no Brasil e estudo de sistemas internacionais de proteção social.",verificado,2026-09-17,,https://politicasocial.uff.br/nap/
ufrj-ippur,sim,Instituto de Pesquisa e Planejamento Urbano e Regional,IPPUR,instituto,Universidade Federal do Rio de Janeiro,UFRJ,universidade federal,Centro de Ciências Jurídicas e Econômicas,politicas_publicas,,Luis Regis Coli Silva Júnior,Diretor,direcao@ippur.ufrj.br,,https://ippur.ufrj.br/,"Sala João do Rio, Faculdade de Letras, Av. Horácio Macedo, 2151, Cidade Universitária, Ilha do Fundão, Rio de Janeiro, RJ, CEP 21941-917",Rio de Janeiro,RJ,-22.8595,-43.2295,campus,O instituto sedia o INCT Observatório das Metrópoles e produz pesquisa sobre planejamento urbano e regional e políticas públicas territoriais. Os estudos sobre desigualdade regional interessam à definição de critérios de atuação em regiões prioritárias.,"O IPPUR é unidade acadêmica da UFRJ vinculada ao Centro de Ciências Jurídicas e Econômicas. Oferece graduação em gestão pública para o desenvolvimento econômico e social, especialização e pós-graduação em planejamento urbano e regional. Abriga laboratórios e grupos de pesquisa, entre eles o Observatório das Metrópoles.",verificado,2026-09-17,Vice-diretor: Gustavo Costa de Souza. O site não publica telefone. Outros contatos institucionais publicados são secretariaensino@ippur.ufrj.br e divulgacao@ippur.ufrj.br.,https://ippur.ufrj.br/; https://ippur.ufrj.br/o-ippur/corpo-social/direcao/; https://ippur.ufrj.br/contato/
ufrj-observatorio-das-metropoles,sim,Observatório das Metrópoles,,observatório,Universidade Federal do Rio de Janeiro,UFRJ,universidade federal,"Instituto de Pesquisa e Planejamento Urbano e Regional, na condição de Instituto Nacional de Ciência e Tecnologia (INCT)",politicas_publicas,ciencia_de_dados,Orlando Alves dos Santos Junior,Coordenador titular,comunicacao@observatoriodasmetropoles.net,,https://www.observatoriodasmetropoles.net.br/,"Avenida Pedro Calmon, 550, Sala 537, Prédio da Reitoria, Cidade Universitária, Rio de Janeiro, RJ, CEP 21941-901",Rio de Janeiro,RJ,-22.8626,-43.2265,endereco,O observatório é rede nacional de núcleos de pesquisa em universidades das cinco regiões e produz indicadores como o Índice de Bem-Estar Urbano (IBEU). O modelo de rede nacional com financiamento de INCT interessa à CGINA como referência de articulação interinstitucional.,"O Observatório das Metrópoles é rede nacional de pesquisa com 21 núcleos regionais, sediada no IPPUR da UFRJ e financiada como INCT. Pesquisa dinâmicas urbano-regionais, segregação residencial e governança metropolitana. Produz indicadores de bem-estar urbano e transfere resultados para políticas públicas.",verificado,2026-09-17,Luiz Cesar de Queiroz Ribeiro é coordenador nacional histórico da rede. Para o ciclo 2025-2030 a coordenação titular é de Orlando Alves dos Santos Junior. O site não publica telefone.,https://www.observatoriodasmetropoles.net.br/; https://www.observatoriodasmetropoles.net.br/programa-inct/; https://www.observatoriodasmetropoles.net.br/projeto-nacional/
uerj-iesp,sim,Instituto de Estudos Sociais e Políticos,IESP,instituto,Universidade do Estado do Rio de Janeiro,UERJ,universidade estadual,Reitoria,politicas_publicas,,Fernando de Castro Fontainha,Diretor,iesp@iesp.uerj.br,(21) 2266-8300,https://iesp.uerj.br/,"Rua da Matriz, 82, Botafogo, Rio de Janeiro, RJ, CEP 22260-100",Rio de Janeiro,RJ,-22.91117,-43.23578,campus,O instituto mantém programas de pós-graduação em sociologia e em ciência política avaliados pela CAPES e publica a revista Dados. Produz pesquisa sobre políticas públicas e desigualdade social.,O IESP faz pesquisa em sociologia e ciência política e mantém programas de pós-graduação nas duas áreas. Abriga mais de 30 projetos de pesquisa e núcleos dedicados a análise de políticas públicas e desigualdade social. Publica a revista Dados.,verificado,2026-09-17,"Vice-diretora: San Romanelli Assumpção. O instituto sucedeu o IUPERJ, mas a página com o histórico institucional não foi aberta na verificação. Telefone da direção: (21) 2266-8320.",https://iesp.uerj.br/; https://iesp.uerj.br/o-instituto/diretoria/; https://iesp.uerj.br/contato/
fgv-eaesp-ceapg,sim,Centro de Estudos em Administração Pública e Governo,CEAPG,centro,"Fundação Getulio Vargas, Escola de Administração de Empresas de São Paulo",FGV EAESP,universidade privada,Escola de Administração de Empresas de São Paulo,politicas_publicas,,Fernando Luiz Abrucio,Coordenador-geral,,(11) 3799-3799,https://eaesp.fgv.br/centros/centro-estudos-administracao-publica-e-governo,"Av. Nove de Julho, 2029, Bela Vista, São Paulo, SP, CEP 01313-902",São Paulo,SP,-23.5629,-46.646,endereco,O centro tem eixo de pesquisa em educação e faz avaliação de projetos sociais e formação de gestores públicos. É referência nacional em administração pública e pode ser interlocutor em avaliação de programas.,"O CEAPG foi fundado em 1989 e é o centro de pesquisa mais antigo da FGV EAESP. Faz pesquisa aplicada e forma pesquisadores e gestores públicos. Organiza o trabalho em quatro eixos: articulação entre Estado e sociedade civil, educação, tecnologia e governos, e vulnerabilidades.",verificado,2026-09-17,"Demais coordenadores: Maria Alexandra Viegas Cortez da Cunha, Mário Aquino Alves e Peter Kevin Spink. O telefone registrado é o geral da FGV EAESP. O centro não publica e-mail próprio.",https://eaesp.fgv.br/centros/centro-estudos-administracao-publica-e-governo/sobre; https://eaesp.fgv.br/centros/centro-estudos-administracao-publica-e-governo/equipe; https://eaesp.fgv.br/en/study-centers/center-public-administration-and-government-studies-ceapg
unicamp-dpct,sim,Departamento de Política Científica e Tecnológica,DPCT,programa,Universidade Estadual de Campinas,UNICAMP,universidade estadual,Instituto de Geociências,politicas_publicas,,,,,,https://portal.ige.unicamp.br/,"Rua Carlos Gomes, 250, Cidade Universitária, Campinas, SP, CEP 13083-855",Campinas,SP,-22.8184,-47.0647,campus,"O departamento mantém a pós-graduação em política científica e tecnológica, área que trata de política de ciência e tecnologia, avaliação de programas de fomento e indicadores de CT&I.","O DPCT é departamento do Instituto de Geociências da Unicamp e responde pela pós-graduação em política científica e tecnológica. Participa do Lab-GEOPI, laboratório interunidades dedicado à avaliação de resultados e impactos de programas de pesquisa e inovação.",parcial,2026-09-17,"A página específica do DPCT não abriu durante a verificação (erro de redirecionamento). Os dados vieram das páginas do Instituto de Geociências e do Lab-GEOPI. Chefia, e-mail e telefone do departamento não foram confirmados.",https://portal.ige.unicamp.br/labs/laboratorio-de-estudos-sobre-organizacao-da-pesquisa-e-da-inovacao-interunidades-dpctfcanepp; https://www.ige.unicamp.br/geopi/
unicamp-lab-geopi,sim,Laboratório de Estudos sobre Organização da Pesquisa e da Inovação,Lab-GEOPI,laboratório,Universidade Estadual de Campinas,UNICAMP,universidade estadual,"Laboratório interunidades do Departamento de Política Científica e Tecnológica (DPCT) do Instituto de Geociências, da Faculdade de Ciências Aplicadas (FCA) e do Núcleo de Estudos de Políticas Públicas (NEPP)",politicas_publicas,ciencia_de_dados,Sérgio Luiz Monteiro Salles Filho,Coordenador,geopi@unicamp.br,(19) 3521-5124,https://www.ige.unicamp.br/geopi/,"Instituto de Geociências, sala 313, Rua Carlos Gomes, 250, Cidade Universitária, Campinas, SP, CEP 13083-855",Campinas,SP,-22.8184,-47.0647,campus,"O laboratório desenvolve e aplica métodos de avaliação de resultados e impactos de programas de ciência, tecnologia e inovação e de educação superior. Já avaliou programas de fomento à pesquisa, o que se aproxima da avaliação de programas da CAPES.","O Lab-GEOPI foi criado em 1995. Trabalha com avaliação de resultados e impactos de pesquisa, desenvolvimento e inovação, prospecção tecnológica, planejamento estratégico e estudos de políticas de CT&I e de educação superior. Oferece cursos de extensão para gestores públicos e privados em avaliação de políticas e programas.",verificado,2026-09-17,"A página do Instituto de Geociências lista como coordenadores Sérgio Luiz Monteiro Salles Filho, Ana Maria Alves Carneiro da Silva e Adriana Bin.",https://www.ige.unicamp.br/geopi/; https://portal.ige.unicamp.br/labs/laboratorio-de-estudos-sobre-organizacao-da-pesquisa-e-da-inovacao-interunidades-dpctfcanepp
unicamp-nepp,sim,Núcleo de Estudos de Políticas Públicas,NEPP,núcleo,Universidade Estadual de Campinas,UNICAMP,universidade estadual,,politicas_publicas,,Ana Maria Alves Carneiro da Silva,Coordenadora,nepp@unicamp.br,(19) 3521-2495,https://www.nepp.unicamp.br/,"Av. Albert Einstein, 1300, Cidade Universitária, Campinas, SP, CEP 13083-852",Campinas,SP,-22.8184,-47.0647,campus,O núcleo mantém linha de pesquisa em educação e em análise e avaliação de políticas públicas. Produz avaliações de programas governamentais e integra a Rede Brasileira de Monitoramento e Avaliação.,"O NEPP faz pesquisa, análise e avaliação de políticas públicas brasileiras. Suas áreas de pesquisa são educação, análise e avaliação de políticas públicas, direitos, desigualdade e proteção social, e saúde. Mantém observatórios de pesquisa e publica os Cadernos de Pesquisa NEPP.",verificado,2026-09-17,Coordenadora associada: Stella Maria Barbera da Silva Telles. A vinculação à Coordenadoria de Centros e Núcleos Interdisciplinares de Pesquisa (COCEN) não foi confirmada na página oficial consultada e o campo unidade_vinculacao ficou vazio.,https://www.nepp.unicamp.br/; https://www.nepp.unicamp.br/equipe/; https://www.cocen.unicamp.br/
ufscar-geplage,sim,"Grupo de Estudos e Pesquisas Estado, Políticas, Planejamento, Avaliação e Gestão da Educação",GEPLAGE,grupo de pesquisa,Universidade Federal de São Carlos,UFSCar,universidade federal,Campus Sorocaba,politicas_publicas,,Edna Cristina do Prado,Coordenadora,,(15) 3229-6130,https://www.geplage.ufscar.br/pt-br,"Rodovia João Leme dos Santos (SP-264), km 110, Itinga, Sorocaba, SP, CEP 18052-780",Sorocaba,SP,-23.5847,-47.5251,campus,"O grupo pesquisa planejamento, avaliação e gestão da educação, temas ligados ao PNE e aos indicadores de política educacional.","O GEPLAGE é grupo de pesquisa certificado no Diretório de Grupos de Pesquisa do CNPq, sediado no campus Sorocaba da UFSCar. Investiga políticas públicas de educação, planejamento educacional, processos avaliativos e gestão da educação.",verificado,2026-09-17,"A coordenação é exercida por Edna Cristina do Prado e Elidia Vicentina de Jesus Ribeiro. O e-mail publicado é de domínio comercial e não foi registrado. O grupo GEPPHAES, citado em buscas, não consta da lista oficial de grupos do PPGE/UFSCar. O PPGE/UFSCar registra o grupo Observatório e pesquisa das políticas de avaliação da educação superior, candidato a verificação futura.",https://www.geplage.ufscar.br/pt-br; https://www.ppge.ufscar.br/pt-br/linhas-de-pesquisa/grupos-de-pesquisa
unifesp-sou-ciencia,sim,"Centro de Estudos Sociedade, Universidade e Ciência",SoU_Ciência,centro,Universidade Federal de São Paulo,UNIFESP,universidade federal,Órgão complementar vinculado à Reitoria,politicas_publicas,ciencia_de_dados; divulgacao_cientifica,Soraya Smaili,Coordenadora geral,,,https://souciencia.unifesp.br/,,São Paulo,SP,-23.59927,-46.64309,campus,"O centro analisa políticas de educação superior e de ciência, tecnologia e inovação, incluindo expansão, financiamento e impacto social. É um dos interlocutores mais próximos dos temas da CGINA sobre educação superior, produção científica e política de ciência e tecnologia.","O SoU_Ciência foi criado em 8 de julho de 2021 como centro de estudos sobre sociedade, universidade e ciência da Unifesp. Analisa políticas públicas de educação superior e de CT&I, com atenção a expansão, financiamento e impacto social. Adota política de ciência aberta e transparência de dados e publica análises para o debate público.",parcial,2026-09-17,"O site oficial recusou as requisições de verificação (HTTP 403) e os dados foram confirmados por páginas indexadas do próprio domínio e por perfil institucional externo. Coordenadores citados: Soraya Smaili, Pedro Fiori Arantes e Maria Angélica Minhoto. E-mail, telefone e endereço do centro precisam de nova verificação.",https://souciencia.unifesp.br/; https://souciencia.unifesp.br/quem-somos/equipe; https://theconversation.com/institutions/sou-ciencia-6137
ufabc-pgpp,sim,Programa de Pós-Graduação em Políticas Públicas,PGPP,programa,Universidade Federal do ABC,UFABC,universidade federal,"Centro de Engenharia, Modelagem e Ciências Sociais Aplicadas",politicas_publicas,,Diego Sanches Correa,Coordenador,pgpp@ufabc.edu.br,,https://sig.ufabc.edu.br/sigaa/public/programa/apresentacao.jsf?lc=pt_BR&id=217,,São Bernardo do Campo,SP,-23.67739,-46.56436,campus,"O programa é avaliado pela CAPES na área de Ciência Política e Relações Internacionais e forma pesquisadores em análise e gestão de políticas públicas. A UFABC mantém também o Bacharelado em Políticas Públicas, referência na formação de graduação na área.","O PGPP oferece mestrado acadêmico e doutorado em políticas públicas na UFABC, reconhecido pela Portaria MEC nº 794, de 2014. Suas linhas de pesquisa são análise e gestão de políticas públicas, instituições, sociedade e governança democrática, e políticas públicas em perspectiva internacional.",verificado,2026-09-17,"A coordenação é exercida por Diego Sanches Correa e Luciana Pereira. O Bacharelado em Políticas Públicas da UFABC é coordenado por Wilson Mesquita de Almeida, com vice-coordenação de Sergio Amadeu da Silveira, conforme Portaria da Reitoria nº 1172/2025, e mantém o Observatório de Políticas Públicas como componente curricular de imersão. O campus de vinculação e o endereço não foram confirmados nas páginas consultadas.",https://sig.ufabc.edu.br/sigaa/public/programa/apresentacao.jsf?lc=pt_BR&id=217; https://bpp.ufabc.edu.br/; https://prograd.ufabc.edu.br/cursos/bpp
usp-cem,sim,Centro de Estudos da Metrópole,CEM,centro,Universidade de São Paulo,USP,universidade estadual,"Faculdade de Filosofia, Letras e Ciências Humanas, em parceria com o Centro Brasileiro de Análise e Planejamento (Cebrap)",politicas_publicas,ciencia_de_dados,,,centrodametropole@usp.br,(11) 3091-2097,https://centrodametropole.fflch.usp.br/pt-br,"Faculdade de Filosofia, Letras e Ciências Humanas, Cidade Universitária, São Paulo, SP",São Paulo,SP,-23.5613,-46.7307,campus,"O centro produz dados, indicadores e metodologias para políticas públicas e mantém plataformas de acesso livre com dados geolocalizados. A experiência em transferência de dados e indicadores interessa ao trabalho da CGINA com indicadores de desempenho de políticas.","O CEM foi criado em 2000 e pesquisa transformações sociais, econômicas e políticas das metrópoles brasileiras, com foco em desigualdades sociais e espaciais. Produz dados, indicadores e metodologias e os transfere para gestores públicos. Mantém sistemas interativos de visualização de dados territoriais de acesso livre, como o GeoReDUS.",verificado,2026-09-17,"A página oficial não nomeia diretor ou coordenador geral e lista coordenadores de projeto, entre eles Eduardo Cesar Leão Marques, Marta Teresa da Silva Arretche, Adrian Gurza Lavalle e Gabriela Spanghero Lotta. O centro é Centro de Pesquisa e Inovação Especial (CEPIx) da USP desde 2024 e foi CEPID da FAPESP até julho de 2026. O endereço completo com CEP não é publicado no site.",https://centrodametropole.fflch.usp.br/pt-br; https://centrodametropole.fflch.usp.br/pt-br/quem-somos/quem-somos-missao-e-objetivos
usp-nupps,sim,Núcleo de Pesquisa de Políticas Públicas,NUPPs,núcleo,Universidade de São Paulo,USP,universidade estadual,Instituto de Estudos Avançados,politicas_publicas,,Janina Onuki,Coordenadora científica,,,https://sites.usp.br/nupps/,,São Paulo,SP,-23.5595,-46.7313,campus,O núcleo sucedeu o Núcleo de Pesquisas sobre Ensino Superior (NUPES) e reúne pesquisadores que estudam educação superior e políticas públicas. A pesquisadora Elizabeth Balbachevsky tem produção sobre política de educação superior e pós-graduação.,"O NUPPs faz pesquisa em políticas públicas, com ênfase em qualidade da democracia, representação política e partidos. Publica artigos, livros, cadernos temáticos e documentos de trabalho, oferece cursos e organiza eventos. Mantém projetos temáticos financiados pela FAPESP.",verificado,2026-09-17,"Vice-coordenadora científica: Elizabeth Balbachevsky. O site não publica endereço, e-mail ou telefone e a página de contato traz apenas formulário. O NUPPs substituiu o Núcleo de Pesquisas sobre Ensino Superior (NUPES) a partir do final de 2005, de modo que o NUPES da lista-semente não existe mais.",https://sites.usp.br/nupps/; https://sites.usp.br/nupps/equipe/; https://sites.usp.br/nupps/pesquisa/
uepg-geppea,sim,Grupo de Estudos e Pesquisas em Política Educacional e Avaliação,GEPPEA,grupo de pesquisa,Universidade Estadual de Ponta Grossa,UEPG,universidade estadual,Programa de Pós-Graduação em Educação (PPGE) e Programa de Pós-Graduação em Ensino de Ciências e Educação Matemática (PPGECEM),politicas_publicas,,,,,(42) 3220-3743,https://www2.uepg.br/geppea/,"Programa de Pós-Graduação em Educação (PPGE), Bloco do Centro Interdisciplinar de Pesquisa de Pós-Graduação (CIPP), Campus de Uvaranas, Av. General Carlos Cavalcanti, 4748, CEP 84030-900, Ponta Grossa, PR",Ponta Grossa,PR,-25.0916,-50.0993,campus,"Pesquisa políticas educacionais e avaliação educacional e institucional na educação básica e na educação superior, com projetos sobre avaliação em larga escala (Prova Paraná) e sobre avaliação educacional na formação de professores. Interessa à CGINA para estudos sobre formação de professores e avaliação de políticas educacionais.","Grupo de pesquisa fundado em 2010 na UEPG e cadastrado no Diretório de Grupos de Pesquisa do CNPq. Tem três linhas: política educacional e avaliação na educação superior, políticas curriculares e formação de professores em ciências e matemática, e política educacional e avaliação na educação básica. Conduz pesquisas coletivas sobre avaliação em larga escala e sobre avaliação educacional na formação docente.",verificado,2026-09-17,A página Quem somos do site está vazia e o site não nomeia o líder do grupo. O e-mail publicado é conta pessoal e não foi registrado.,https://www2.uepg.br/geppea/; https://www2.uepg.br/geppea/linhas-de-pesquisa/; https://www2.uepg.br/geppea/pesquisas/; https://www2.uepg.br/geppea/contato/
ufrgs-cegov,sim,Centro de Estudos Internacionais sobre Governo,CEGOV,centro,Universidade Federal do Rio Grande do Sul,UFRGS,universidade federal,Reitoria da UFRGS (centro interdisciplinar vinculado à Reitoria),politicas_publicas,,Fabian Scholze Domingues,Diretor do CEGOV,executivo@cegov.ufrgs.br,+55 51 3308-9860,https://www.ufrgs.br/cegov/,"Campus do Vale, Prédio 43322, Av. Bento Gonçalves, 9500, CEP 91509-900, Porto Alegre, RS (sede). Anexo da Faculdade de Ciências Econômicas, Campus Centro, Av. João Pessoa, 52, CEP 90040-000, Porto Alegre, RS",Porto Alegre,RS,-30.0718,-51.1194,campus,"Mantém o GT Avaliação de Políticas Públicas e o GT Sociedade, Ciência e Tecnologia, com projetos de pesquisa aplicada para órgãos da administração pública federal, estadual e municipal. Interessa à CGINA como parceiro para avaliação de programas e para estudos sobre política de ciência e tecnologia.","Centro interdisciplinar da UFRGS criado para estudar a ação governamental no Brasil e no exterior. Executa projetos de pesquisa aplicada, extensão e ensino sobre políticas públicas, organizados em oito grupos de trabalho e em núcleos de pesquisa associados. Atua em cooperação com instituições da administração pública federal, estadual e municipal.",verificado,2026-09-17,"O WebFetch rejeitou o certificado TLS de www.ufrgs.br. As páginas oficiais Apresentação, Estrutura e Equipe foram lidas por curl. Vice-diretor: Luciano Joel Fedozzi. Coordenador executivo: Marcelo Lima Celente. Coordenadora do GT Avaliação de Políticas Públicas: Marília Patta Ramos. O site informa dois endereços (Campus do Vale e Anexo da FCE no Campus Centro).",https://www.ufrgs.br/cegov/about; https://www.ufrgs.br/cegov/about/structure; https://www.ufrgs.br/cegov/pessoa/index; https://www.ufrgs.br/cegov/
ufrgs-geu,sim,Grupo de Estudos sobre Universidade,GEU,grupo de pesquisa,Universidade Federal do Rio Grande do Sul,UFRGS,universidade federal,"Faculdade de Educação (FACED), Programa de Pós-Graduação em Educação (GEU/Ipesq), e Programa de Pós-Graduação em Sociologia (GEU/Sociologia)",politicas_publicas,,Sérgio Roberto Kieling Franco,Líder do GEU/Ipesq (PPGEdu/FACED),sergio.franco@ufrgs.br,+55 51 3308-6000,https://www.ufrgs.br/geu/,"Faculdade de Educação, Av. Paulo Gama, 110, prédio 12201, Bairro Farroupilha, CEP 90046-900, Porto Alegre, RS",Porto Alegre,RS,-30.0338,-51.2189,campus,"Pesquisa sistemas de educação superior, políticas de educação superior e sua relação com a educação básica, pós-graduação, formação de professores e internacionalização. Interessa à CGINA para estudos sobre educação superior, PNPG e expansão da pós-graduação.","Grupo criado em 1988 na UFRGS para estudar os sistemas de educação superior e suas transformações no Brasil e em comparação com outros países. Desde 1995 opera em dois grupos: GEU/Ipesq (Inovação e Pesquisa), vinculado ao PPGEdu, e GEU/Sociologia, vinculado ao PPG Sociologia. Coordena a Rede GEU, com grupos na UPF, UFPel, UTFPR, UNEMAT, UNESC e UFSM, registrados no Diretório de Grupos de Pesquisa do CNPq.",verificado,2026-09-17,"O WebFetch rejeitou o certificado TLS de www.ufrgs.br. As páginas do GEU, do PPGEdu e da FACED foram lidas por curl. Líderes do GEU/Sociologia: Clarissa Baeta Neves e Célia Elizabete Caregnato (os contatos publicados são e-mails pessoais e não foram registrados). A página de contato do GEU exige JavaScript e não foi lida. Endereço e telefone são os da FACED, onde o grupo está sediado. A vinculação do GEU à Rede Universitas/Br não consta nas páginas oficiais do GEU consultadas, e o site da Rede Universitas/Br não lista os grupos membros em texto legível. Essa vinculação não foi confirmada.",https://www.ufrgs.br/geu/sobre-o-geu/; https://www.ufrgs.br/geu/sobre-o-geu/historico/; https://www.ufrgs.br/geu/rede-geu/geu-edu-ufrgs/; https://www.ufrgs.br/geu/rede-geu/geu-ufrgs/; https://www.ufrgs.br/ppgedu/grupos/; https://www.ufrgs.br/faced/; https://lume.ufrgs.br/handle/10183/185922; https://revistas.uniube.br/index.php/rpd/article/view/1294
ufsc-nipp,sim,Núcleo Interdisciplinar em Políticas Públicas e Opinião Pública,NIPP,núcleo,Universidade Federal de Santa Catarina,UFSC,universidade federal,"Centro de Filosofia e Ciências Humanas (CFH), Programa de Pós-Graduação em Sociologia e Ciência Política (PPGSP)",politicas_publicas,,"Julian Borba, Marcelo S. Serran de Pinho e Cintia Pinheiro Ribeiro de Souza",Coordenadores do NIPP,,,https://nipp.ufsc.br/,"Campus Universitário, Centro de Filosofia e Ciências Humanas, Bloco D, sala 307, Florianópolis, SC",Florianópolis,SC,-27.6006,-48.5197,campus,"Mantém linhas de pesquisa em políticas sociais, educação e gastos públicos, indicadores sociais e vulnerabilidade social, e métodos e técnicas de pesquisa, com produção de bancos de dados. Interessa à CGINA para indicadores de desempenho de políticas e para avaliação de programas.","Núcleo de pesquisa do CFH/UFSC, vinculado ao PPGSP, que investiga políticas públicas e opinião pública por meio de pesquisas empíricas e bancos de dados. Em março de 2024 o grupo incorporou a expressão Opinião Pública ao nome e manteve a sigla NIPP. As linhas de pesquisa incluem violência e segurança pública, políticas públicas regionais, políticas sociais, educação e gastos públicos, sistema prisional, vitimização e indicadores sociais.",verificado,2026-09-17,"O e-mail é publicado apenas como imagem e não foi transcrito. O único telefone publicado é celular e não foi registrado. O fundador, Erni José Seibel, consta como pesquisador emérito in memoriam.",https://nipp.ufsc.br/; https://nipp.ufsc.br/pesquisadores/
udesc-callipolis,sim,Grupo de Pesquisa de Política Pública e Desenvolvimento,Callipolis,grupo de pesquisa,Universidade do Estado de Santa Catarina,UDESC,universidade estadual,Centro de Ciências da Administração e Socioeconômicas (ESAG),politicas_publicas,,Marcos Vinício Wink Junior e Leonardo Secchi,Líderes do grupo,dg.esag@udesc.br,(48) 3664-8200,https://www.udesc.br/esag/gruposdepesquisa/callipolis,"Av. Madre Benvenuta, 2037, Itacorubi, CEP 88035-901, Florianópolis, SC",Florianópolis,SC,-27.5908,-48.5142,campus,"Pesquisa formulação, implementação e avaliação de políticas públicas, atores, instituições e instrumentos de políticas. Interessa à CGINA para avaliação de programas e para análise de instrumentos de política educacional e de ciência e tecnologia.","Grupo de pesquisa da ESAG/UDESC, certificado pelo CNPq, que estuda política pública e desenvolvimento com base na corrente do Novo Serviço Público. As linhas de pesquisa cobrem formulação, implementação e avaliação de políticas, atores, instituições e instrumentos de políticas públicas. Vincula-se aos cursos de graduação e de pós-graduação da ESAG.",verificado,2026-09-17,"E-mail e telefone publicados na página são os da direção da ESAG, não do grupo. A ESAG mantém outros grupos correlatos: CIGAT (Centro de Investigação em Governo Aberto e Transparência, líderes Fabiano Maury Raupp e Luiz Filipe Goldfeder Reinecke) e NISP (Núcleo de Inovações Sociais na Esfera Pública, líder Maria Carolina Martinez Andion, telefone (48) 3664-8283).",https://www.udesc.br/esag/gruposdepesquisa/callipolis; https://www.udesc.br/esag/gruposdepesquisa
